surah_number,surah_name,ayah_count,words_raw,unique_raw,density_raw,words_no_marks,unique_no_marks,density_no_marks,words_no_tashkeel,unique_no_tashkeel,density_no_tashkeel,words_normalized,unique_normalized,density_normalized
1,الفاتحة,7,29,26,0.896552,29,26,0.896552,29,26,0.896552,29,26,0.896552
2,البقرة,286,6140,2536,0.413029,6140,2536,0.413029,6140,2279,0.371173,6140,2254,0.367101
3,آل عمران,200,3501,1634,0.466724,3501,1634,0.466724,3501,1469,0.419594,3501,1459,0.416738
4,النساء,176,3763,1635,0.434494,3763,1635,0.434494,3763,1513,0.402073,3763,1505,0.399947
5,المائدة,120,2837,1365,0.481142,2837,1365,0.481142,2837,1249,0.440254,2837,1240,0.437081
6,الأنعام,165,3056,1487,0.486584,3056,1487,0.486584,3056,1364,0.446335,3056,1347,0.440772
7,الأعراف,206,3341,1688,0.505238,3341,1688,0.505238,3341,1558,0.466327,3341,1545,0.462436
8,الأنفال,75,1242,685,0.55153,1242,685,0.55153,1242,641,0.516103,1242,635,0.511272
9,التوبة,129,2505,1231,0.491417,2505,1231,0.491417,2505,1126,0.449501,2505,1118,0.446307
10,يونس,109,1839,955,0.519304,1839,955,0.519304,1839,888,0.482871,1839,878,0.477433
11,هود,123,1946,1024,0.526208,1946,1024,0.526208,1946,939,0.482528,1946,927,0.476362
12,يوسف,111,1795,991,0.552089,1795,991,0.552089,1795,925,0.51532,1795,914,0.509192
13,الرعد,43,853,548,0.642438,853,548,0.642438,853,511,0.599062,853,508,0.595545
14,إبراهيم,52,830,543,0.654217,830,543,0.654217,830,507,0.610843,830,503,0.606024
15,الحجر,99,657,451,0.686454,657,451,0.686454,657,432,0.657534,657,425,0.64688
16,النحل,128,1844,985,0.534165,1844,985,0.534165,1844,919,0.498373,1844,915,0.496204
17,الإسراء,111,1558,941,0.603979,1558,941,0.603979,1558,885,0.568036,1558,881,0.565469
18,الكهف,110,1583,970,0.612761,1583,970,0.612761,1583,917,0.57928,1583,907,0.572963
19,مريم,98,971,625,0.643666,971,625,0.643666,971,589,0.606591,971,582,0.599382
20,طه,135,1351,853,0.631384,1351,853,0.631384,1351,809,0.598816,1351,804,0.595115
21,الأنبياء,112,1174,723,0.615843,1174,723,0.615843,1174,678,0.577513,1174,669,0.569847
22,الحج,78,1279,746,0.583268,1279,746,0.583268,1279,693,0.54183,1279,690,0.539484
23,المؤمنون,118,1052,652,0.619772,1052,652,0.619772,1052,622,0.591255,1052,618,0.587452
24,النور,64,1319,718,0.544352,1319,718,0.544352,1319,676,0.512509,1319,672,0.509477
25,الفرقان,77,896,602,0.671875,896,602,0.671875,896,574,0.640625,896,571,0.637277
26,الشعراء,227,1320,695,0.526515,1320,695,0.526515,1320,649,0.491667,1320,640,0.484848
27,النمل,93,1159,722,0.622951,1159,722,0.622951,1159,679,0.58585,1159,673,0.580673
28,القصص,88,1438,851,0.591794,1438,851,0.591794,1438,791,0.55007,1438,783,0.544506
29,العنكبوت,69,978,604,0.617587,978,604,0.617587,978,575,0.587935,978,572,0.584867
30,الروم,60,817,487,0.596083,817,487,0.596083,817,451,0.55202,817,450,0.550796
31,لقمان,34,550,373,0.678182,550,373,0.678182,550,343,0.623636,550,338,0.614545
32,السجدة,30,372,292,0.784946,372,292,0.784946,372,280,0.752688,372,278,0.747312
33,الأحزاب,73,1303,723,0.554873,1303,723,0.554873,1303,688,0.528012,1303,687,0.527245
34,سبأ,54,884,547,0.618778,884,547,0.618778,884,514,0.581448,884,512,0.579186
35,فاطر,45,778,509,0.654242,778,509,0.654242,778,482,0.619537,778,481,0.618252
36,يس,83,730,481,0.658904,730,481,0.658904,730,457,0.626027,730,454,0.621918
37,الصافات,182,865,558,0.645087,865,558,0.645087,865,535,0.618497,865,531,0.613873
38,ص,88,735,509,0.692517,735,509,0.692517,735,478,0.65034,735,471,0.640816
39,الزمر,75,1177,688,0.584537,1177,688,0.584537,1177,637,0.541206,1177,635,0.539507
40,غافر,85,1226,707,0.576672,1226,707,0.576672,1226,665,0.542414,1226,659,0.53752
41,فصلت,54,794,547,0.688917,794,547,0.688917,794,513,0.646096,794,506,0.63728
42,الشورى,53,860,495,0.575581,860,495,0.575581,860,462,0.537209,860,458,0.532558
43,الزخرف,89,836,581,0.694976,836,581,0.694976,836,544,0.650718,836,538,0.643541
44,الدخان,59,346,260,0.751445,346,260,0.751445,346,243,0.702312,346,239,0.690751
45,الجاثية,37,488,336,0.688525,488,336,0.688525,488,314,0.643443,488,312,0.639344
46,الأحقاف,35,645,442,0.685271,645,442,0.685271,645,417,0.646512,645,412,0.63876
47,محمد,38,542,354,0.653137,542,354,0.653137,542,340,0.627306,542,338,0.623616
48,الفتح,29,560,375,0.669643,560,375,0.669643,560,362,0.646429,560,361,0.644643
49,الحجرات,18,353,231,0.654391,353,231,0.654391,353,217,0.614731,353,215,0.609065
50,ق,45,373,291,0.780161,373,291,0.780161,373,280,0.75067,373,278,0.745308
51,الذاريات,60,360,280,0.777778,360,280,0.777778,360,265,0.736111,360,262,0.727778
52,الطور,49,312,246,0.788462,312,246,0.788462,312,236,0.75641,312,236,0.75641
53,النجم,62,360,260,0.722222,360,260,0.722222,360,247,0.686111,360,244,0.677778
54,القمر,55,342,241,0.704678,342,241,0.704678,342,231,0.675439,342,230,0.672515
55,الرحمن,78,352,187,0.53125,352,187,0.53125,352,179,0.508523,352,176,0.5
56,الواقعة,96,379,277,0.730871,379,277,0.730871,379,271,0.71504,379,269,0.709763
57,الحديد,29,575,393,0.683478,575,393,0.683478,575,365,0.634783,575,362,0.629565
58,المجادلة,22,475,290,0.610526,475,290,0.610526,475,275,0.578947,475,272,0.572632
59,الحشر,24,447,306,0.684564,447,306,0.684564,447,299,0.668904,447,297,0.66443
60,الممتحنة,13,352,248,0.704545,352,248,0.704545,352,239,0.678977,352,238,0.676136
61,الصف,14,226,163,0.721239,226,163,0.721239,226,156,0.690265,226,154,0.681416
62,الجمعة,11,177,142,0.80226,177,142,0.80226,177,133,0.751412,177,133,0.751412
63,المنافقون,11,181,144,0.79558,181,144,0.79558,181,139,0.767956,181,138,0.762431
64,التغابن,18,242,190,0.785124,242,190,0.785124,242,183,0.756198,242,182,0.752066
65,الطلاق,12,289,216,0.747405,289,216,0.747405,289,205,0.709343,289,203,0.702422
66,التحريم,12,254,203,0.799213,254,203,0.799213,254,197,0.775591,254,196,0.771654
67,الملك,30,333,242,0.726727,333,242,0.726727,333,224,0.672673,333,222,0.666667
68,القلم,52,301,238,0.790698,301,238,0.790698,301,228,0.757475,301,227,0.754153
69,الحاقة,52,260,207,0.796154,260,207,0.796154,260,203,0.780769,260,202,0.776923
70,المعارج,44,217,182,0.83871,217,182,0.83871,217,177,0.815668,217,176,0.81106
71,نوح,28,227,181,0.797357,227,181,0.797357,227,172,0.757709,227,171,0.753304
72,الجن,28,285,209,0.733333,285,209,0.733333,285,201,0.705263,285,199,0.698246
73,المزمل,20,200,167,0.835,200,167,0.835,200,158,0.79,200,157,0.785
74,المدثر,56,256,197,0.769531,256,197,0.769531,256,193,0.753906,256,192,0.75
75,القيامة,40,164,126,0.768293,164,126,0.768293,164,124,0.756098,164,123,0.75
76,الإنسان,31,243,202,0.831276,243,202,0.831276,243,196,0.806584,243,195,0.802469
77,المرسلات,50,181,133,0.734807,181,133,0.734807,181,129,0.712707,181,129,0.712707
78,النبأ,40,174,149,0.856322,174,149,0.856322,174,146,0.83908,174,146,0.83908
79,النازعات,46,179,157,0.877095,179,157,0.877095,179,154,0.860335,179,153,0.854749
80,عبس,42,133,118,0.887218,133,118,0.887218,133,116,0.87218,133,116,0.87218
81,التكوير,29,104,84,0.807692,104,84,0.807692,104,84,0.807692,104,83,0.798077
82,الانفطار,19,81,64,0.790123,81,64,0.790123,81,63,0.777778,81,63,0.777778
83,المطففين,36,169,124,0.733728,169,124,0.733728,169,118,0.698225,169,116,0.686391
84,الانشقاق,25,108,91,0.842593,108,91,0.842593,108,91,0.842593,108,90,0.833333
85,البروج,22,109,98,0.899083,109,98,0.899083,109,97,0.889908,109,96,0.880734
86,الطارق,17,61,53,0.868852,61,53,0.868852,61,53,0.868852,61,53,0.868852
87,الأعلى,19,72,68,0.944444,72,68,0.944444,72,67,0.930556,72,67,0.930556
88,الغاشية,26,92,78,0.847826,92,78,0.847826,92,76,0.826087,92,76,0.826087
89,الفجر,30,139,116,0.834532,139,116,0.834532,139,114,0.820144,139,114,0.820144
90,البلد,20,82,71,0.865854,82,71,0.865854,82,70,0.853659,82,70,0.853659
91,الشمس,15,54,48,0.888889,54,48,0.888889,54,48,0.888889,54,48,0.888889
92,الليل,21,71,61,0.859155,71,61,0.859155,71,59,0.830986,71,59,0.830986
93,الضحى,11,40,36,0.9,40,36,0.9,40,35,0.875,40,35,0.875
94,الشرح,8,27,23,0.851852,27,23,0.851852,27,23,0.851852,27,23,0.851852
95,التين,8,34,34,1.0,34,34,1.0,34,34,1.0,34,34,1.0
96,العلق,19,72,56,0.777778,72,56,0.777778,72,55,0.763889,72,54,0.75
97,القدر,5,30,26,0.866667,30,26,0.866667,30,25,0.833333,30,25,0.833333
98,البينة,8,94,74,0.787234,94,74,0.787234,94,70,0.744681,94,70,0.744681
99,الزلزلة,8,36,29,0.805556,36,29,0.805556,36,29,0.805556,36,29,0.805556
100,العاديات,11,40,35,0.875,40,35,0.875,40,35,0.875,40,35,0.875
101,القارعة,11,36,28,0.777778,36,28,0.777778,36,28,0.777778,36,28,0.777778
102,التكاثر,8,28,20,0.714286,28,20,0.714286,28,20,0.714286,28,20,0.714286
103,العصر,3,14,13,0.928571,14,13,0.928571,14,13,0.928571,14,13,0.928571
104,الهمزة,9,33,32,0.969697,33,32,0.969697,33,31,0.939394,33,31,0.939394
105,الفيل,5,23,22,0.956522,23,22,0.956522,23,22,0.956522,23,22,0.956522
106,قريش,4,17,16,0.941176,17,16,0.941176,17,16,0.941176,17,16,0.941176
107,الماعون,7,25,22,0.88,25,22,0.88,25,22,0.88,25,22,0.88
108,الكوثر,3,10,10,1.0,10,10,1.0,10,10,1.0,10,10,1.0
109,الكافرون,6,27,18,0.666667,27,18,0.666667,27,18,0.666667,27,18,0.666667
110,النصر,3,19,18,0.947368,19,18,0.947368,19,18,0.947368,19,18,0.947368
111,المسد,5,23,22,0.956522,23,22,0.956522,23,22,0.956522,23,22,0.956522
112,الإخلاص,4,15,12,0.8,15,12,0.8,15,12,0.8,15,12,0.8
113,الفلق,5,23,17,0.73913,23,17,0.73913,23,17,0.73913,23,17,0.73913
114,الناس,6,20,17,0.85,20,17,0.85,20,16,0.8,20,16,0.8
