الكلمة,رقم في السورة,الرقم,خلص,عدد التكرار,أول موضع,كل المواضع,عدد السور,ترتيب التكرار,السورة,رقم السورة
المص,1,5980,No,1,7:1,7:1,1,8141,الأعراف,7
صَدْرِكَ,2,5981,No,1,7:2,7:2,1,11234,الأعراف,7
حَرَجٌ,3,5982,No,10,7:2,7:2 · 9:91 · 24:61 · 24:61 · 24:61 · 33:37 · 33:50 · 48:17 · 48:17 · 48:17,5,925,الأعراف,7
لِتُنْذِرَ,4,5983,No,5,7:2,7:2 · 28:46 · 32:3 · 36:6 · 42:7,5,1991,الأعراف,7
وَذِكْرَى,5,5984,No,7,7:2,7:2 · 11:120 · 21:84 · 29:51 · 38:43 · 40:54 · 50:8,7,1421,الأعراف,7
وَكَمْ,6,5985,No,9,7:4,7:4 · 17:17 · 19:74 · 19:98 · 21:11 · 28:58 · 43:6 · 50:36 · 53:26,8,1096,الأعراف,7
أَهْلَكْنَاهَا,7,5986,No,4,7:4,7:4 · 21:6 · 21:95 · 22:45,3,2190,الأعراف,7
فَجَاءَهَا,8,5987,No,1,7:4,7:4,1,12141,الأعراف,7
بَيَاتًا,9,5988,No,3,7:4,7:4 · 7:97 · 10:50,2,3058,الأعراف,7
قَائِلُونَ,10,5989,No,1,7:4,7:4,1,12596,الأعراف,7
دَعْوَاهُمْ,11,5990,No,4,7:5,7:5 · 10:10 · 10:10 · 21:15,3,2415,الأعراف,7
ظَالِمِينَ,12,5991,No,9,7:5,7:5 · 7:148 · 8:54 · 21:14 · 21:46 · 21:97 · 26:209 · 29:31 · 68:29,6,1050,الأعراف,7
فَلَنَسْأَلَنَّ,13,5992,No,1,7:6,7:6,1,12393,الأعراف,7
أُرْسِلَ,14,5993,No,4,7:6,7:6 · 7:75 · 21:5 · 26:27,3,2203,الأعراف,7
وَلَنَسْأَلَنَّ,15,5994,No,1,7:6,7:6,1,16066,الأعراف,7
فَلَنَقُصَّنَّ,16,5995,No,1,7:7,7:7,1,12394,الأعراف,7
غَائِبِينَ,17,5996,No,1,7:7,7:7,1,11657,الأعراف,7
وَالْوَزْنُ,18,5997,No,1,7:8,7:8,1,15258,الأعراف,7
ثَقُلَتْ,19,5998,No,4,7:8,7:8 · 7:187 · 23:102 · 101:6,3,2381,الأعراف,7
مَوَازِينُهُ,20,5999,No,6,7:8,7:8 · 7:9 · 23:102 · 23:103 · 101:6 · 101:8,3,1644,الأعراف,7
خَفَّتْ,21,6000,No,3,7:9,7:9 · 23:103 · 101:8,3,3225,الأعراف,7
مَكَّنَّاكُمْ,22,6001,No,2,7:10,7:10 · 46:26,2,5831,الأعراف,7
مَعَايِشَ,23,6002,No,2,7:10,7:10 · 15:20,2,5814,الأعراف,7
صَوَّرْنَاكُمْ,24,6003,No,1,7:11,7:11,1,11269,الأعراف,7
السَّاجِدِينَ,25,6004,No,5,7:11,7:11 · 15:31 · 15:32 · 15:98 · 26:219,3,1779,الأعراف,7
مَنَعَكَ,26,6005,No,3,7:12,7:12 · 20:92 · 38:75,3,3578,الأعراف,7
تَسْجُدَ,27,6006,No,2,7:12,7:12 · 38:75,2,4739,الأعراف,7
أَمَرْتُكَ,28,6007,No,1,7:12,7:12,1,7374,الأعراف,7
خَلَقْتَنِي,29,6008,No,2,7:12,7:12 · 38:76,2,4958,الأعراف,7
نَارٍ,30,6009,No,5,7:12,7:12 · 22:19 · 38:76 · 55:15 · 55:35,4,2012,الأعراف,7
وَخَلَقْتَهُ,31,6010,No,2,7:12,7:12 · 38:76,2,6242,الأعراف,7
فَاهْبِطْ,32,6011,No,1,7:13,7:13,1,12045,الأعراف,7
تَتَكَبَّرَ,33,6012,No,1,7:13,7:13,1,9366,الأعراف,7
فَاخْرُجْ,34,6013,No,4,7:13,7:13 · 15:34 · 28:20 · 38:77,4,2506,الأعراف,7
الصَّاغِرِينَ,35,6014,No,2,7:13,7:13 · 12:32,2,4293,الأعراف,7
أَنْظِرْنِي,36,6015,No,1,7:14,7:14,1,7453,الأعراف,7
يُبْعَثُونَ,37,6016,No,8,7:14,7:14 · 15:36 · 16:21 · 23:100 · 26:87 · 27:65 · 37:144 · 38:79,8,1256,الأعراف,7
الْمُنْظَرِينَ,38,6017,No,3,7:15,7:15 · 15:37 · 38:80,3,3036,الأعراف,7
أَغْوَيْتَنِي,39,6018,No,2,7:16,7:16 · 15:39,2,4090,الأعراف,7
لَأَقْعُدَنَّ,40,6019,No,1,7:16,7:16,1,12963,الأعراف,7
صِرَاطَكَ,41,6020,No,1,7:16,7:16,1,11297,الأعراف,7
لَآتِيَنَّهُمْ,42,6021,No,1,7:17,7:17,1,12943,الأعراف,7
بَيْنِ,43,6022,No,9,7:17,7:17 · 13:11 · 16:66 · 36:9 · 41:14 · 41:42 · 46:21 · 72:27 · 86:7,8,1017,الأعراف,7
وَعَنْ,44,6023,No,2,7:17,7:17 · 7:17,1,6303,الأعراف,7
شَمَائِلِهِمْ,45,6024,No,1,7:17,7:17,1,11140,الأعراف,7
شَاكِرِينَ,46,6025,No,1,7:17,7:17,1,11102,الأعراف,7
اخْرُجْ,47,6026,No,2,7:18,7:18 · 12:31,2,4220,الأعراف,7
مَذْءُومًا,48,6027,No,1,7:18,7:18,1,13683,الأعراف,7
مَدْحُورًا,49,6028,No,3,7:18,7:18 · 17:18 · 17:39,2,3552,الأعراف,7
تَبِعَكَ,50,6029,No,3,7:18,7:18 · 17:63 · 38:85,3,3110,الأعراف,7
لَأَمْلَأَنَّ,51,6030,No,4,7:18,7:18 · 11:119 · 32:13 · 38:85,4,2559,الأعراف,7
وَيَا,52,6031,No,11,7:19,7:19 · 11:29 · 11:30 · 11:44 · 11:52 · 11:64 · 11:85 · 11:89 · 11:93 · 40:32 · 40:41,3,886,الأعراف,7
فَكُلَا,53,6032,No,1,7:19,7:19,1,12375,الأعراف,7
فَوَسْوَسَ,54,6033,No,2,7:20,7:20 · 20:120,2,5509,الأعراف,7
لَهُمَا,55,6034,No,10,7:20,7:20 · 7:20 · 7:22 · 17:23 · 17:23 · 17:24 · 18:82 · 20:121 · 28:19 · 28:24,5,948,الأعراف,7
لِيُبْدِيَ,56,6035,No,1,7:20,7:20,1,13577,الأعراف,7
وُورِيَ,57,6036,No,1,7:20,7:20,1,16602,الأعراف,7
سَوْآتِهِمَا,58,6037,No,2,7:20,7:20 · 7:27,1,5108,الأعراف,7
نَهَاكُمَا,59,6038,No,1,7:20,7:20,1,14420,الأعراف,7
رَبُّكُمَا,60,6039,No,2,7:20,7:20 · 20:49,2,5016,الأعراف,7
الشَّجَرَةِ,61,6040,No,4,7:20,7:20 · 7:22 · 28:30 · 48:18,3,2231,الأعراف,7
تَكُونَا,62,6041,No,2,7:20,7:20 · 7:20,1,4778,الأعراف,7
مَلَكَيْنِ,63,6042,No,1,7:20,7:20,1,13809,الأعراف,7
الْخَالِدِينَ,64,6043,No,1,7:20,7:20,1,8406,الأعراف,7
وَقَاسَمَهُمَا,65,6044,No,1,7:21,7:21,1,15925,الأعراف,7
لَكُمَا,66,6045,No,7,7:21,7:21 · 7:22 · 7:22 · 10:78 · 10:78 · 28:35 · 46:17,4,1383,الأعراف,7
النَّاصِحِينَ,67,6046,No,3,7:21,7:21 · 7:79 · 28:20,2,2961,الأعراف,7
فَدَلَّاهُمَا,68,6047,No,1,7:22,7:22,1,12171,الأعراف,7
بِغُرُورٍ,69,6048,No,1,7:22,7:22,1,9212,الأعراف,7
ذَاقَا,70,6049,No,1,7:22,7:22,1,10575,الأعراف,7
بَدَتْ,71,6050,No,1,7:22,7:22,1,8842,الأعراف,7
سَوْآتُهُمَا,72,6051,No,2,7:22,7:22 · 20:121,2,5107,الأعراف,7
وَطَفِقَا,73,6052,No,2,7:22,7:22 · 20:121,2,6290,الأعراف,7
يَخْصِفَانِ,74,6053,No,2,7:22,7:22 · 20:121,2,6493,الأعراف,7
وَرَقِ,75,6054,No,2,7:22,7:22 · 20:121,2,6254,الأعراف,7
وَنَادَاهُمَا,76,6055,No,1,7:22,7:22,1,16237,الأعراف,7
رَبُّهُمَا,77,6056,No,2,7:22,7:22 · 18:81,2,5017,الأعراف,7
أَنْهَكُمَا,78,6057,No,1,7:22,7:22,1,7470,الأعراف,7
تِلْكُمَا,79,6058,No,1,7:22,7:22,1,10026,الأعراف,7
وَأَقُلْ,80,6059,No,1,7:22,7:22,1,14739,الأعراف,7
قَالَا,81,6060,No,2,7:23,7:23 · 20:45,2,5540,الأعراف,7
ظَلَمْنَا,82,6061,No,1,7:23,7:23,1,11390,الأعراف,7
أَنْفُسَنَا,83,6062,No,1,7:23,7:23,1,7460,الأعراف,7
وَتَرْحَمْنَا,84,6063,No,1,7:23,7:23,1,15379,الأعراف,7
تَحْيَوْنَ,85,6064,No,1,7:25,7:25,1,9425,الأعراف,7
وَفِيهَا,86,6065,No,3,7:25,7:25 · 20:55 · 43:71,3,3787,الأعراف,7
تَمُوتُونَ,87,6066,No,1,7:25,7:25,1,9757,الأعراف,7
وَمِنْهَا,88,6067,No,8,7:25,7:25 · 16:5 · 16:9 · 20:55 · 23:19 · 23:21 · 36:72 · 40:79,6,1236,الأعراف,7
تُخْرَجُونَ,89,6068,No,3,7:25,7:25 · 30:19 · 43:11,3,3160,الأعراف,7
لِبَاسًا,90,6069,No,3,7:26,7:26 · 25:47 · 78:10,3,3518,الأعراف,7
سَوْآتِكُمْ,91,6070,No,1,7:26,7:26,1,11017,الأعراف,7
وَرِيشًا,92,6071,No,1,7:26,7:26,1,15676,الأعراف,7
وَلِبَاسُ,93,6072,No,1,7:26,7:26,1,16097,الأعراف,7
يَفْتِنَنَّكُمُ,94,6073,No,1,7:27,7:27,1,17046,الأعراف,7
أَخْرَجَ,95,6074,No,7,7:27,7:27 · 7:32 · 24:40 · 48:29 · 59:2 · 79:31 · 87:4,6,1263,الأعراف,7
أَبَوَيْكُمْ,96,6075,No,1,7:27,7:27,1,6789,الأعراف,7
يَنْزِعُ,97,6076,No,1,7:27,7:27,1,17160,الأعراف,7
لِبَاسَهُمَا,98,6077,No,1,7:27,7:27,1,13341,الأعراف,7
لِيُرِيَهُمَا,99,6078,No,1,7:27,7:27,1,13590,الأعراف,7
يَرَاكُمْ,100,6079,No,2,7:27,7:27 · 9:127,2,6504,الأعراف,7
وَقَبِيلُهُ,101,6080,No,1,7:27,7:27,1,15929,الأعراف,7
تَرَوْنَهُمْ,102,6081,No,1,7:27,7:27,1,9499,الأعراف,7
أَمَرَنَا,103,6082,No,1,7:28,7:28,1,7370,الأعراف,7
يَأْمُرُ,104,6083,No,5,7:28,7:28 · 16:76 · 16:90 · 19:55 · 24:21,4,2082,الأعراف,7
أَتَقُولُونَ,105,6084,No,3,7:28,7:28 · 10:68 · 10:77,2,2834,الأعراف,7
مَسْجِدٍ,106,6085,No,2,7:29,7:29 · 7:31,1,5807,الأعراف,7
وَادْعُوهُ,107,6086,No,2,7:29,7:29 · 7:56,1,6108,الأعراف,7
مُخْلِصِينَ,108,6087,No,7,7:29,7:29 · 10:22 · 29:65 · 31:32 · 40:14 · 40:65 · 98:5,6,1393,الأعراف,7
بَدَأَكُمْ,109,6088,No,1,7:29,7:29,1,8839,الأعراف,7
تَعُودُونَ,110,6089,No,1,7:29,7:29,1,9629,الأعراف,7
الضَّلَالَةُ,111,6090,No,2,7:30,7:30 · 16:36,2,4299,الأعراف,7
إِنَّهُمُ,112,6091,No,1,7:30,7:30,1,7693,الأعراف,7
وَيَحْسَبُونَ,113,6092,No,3,7:30,7:30 · 43:37 · 58:18,3,3832,الأعراف,7
زِينَتَكُمْ,114,6093,No,1,7:31,7:31,1,10853,الأعراف,7
زِينَةَ,115,6094,No,2,7:32,7:32 · 18:28,2,5069,الأعراف,7
لِعِبَادِهِ,116,6095,No,3,7:32,7:32 · 39:7 · 42:27,3,3525,الأعراف,7
وَالطَّيِّبَاتِ,117,6096,No,1,7:32,7:32,1,15067,الأعراف,7
الرِّزْقِ,118,6097,No,2,7:32,7:32 · 16:71,2,4270,الأعراف,7
وَالْإِثْمَ,119,6098,No,1,7:33,7:33,1,15128,الأعراف,7
وَالْبَغْيَ,120,6099,No,1,7:33,7:33,1,15140,الأعراف,7
وَلِكُلِّ,121,6100,No,4,7:34,7:34 · 10:47 · 13:7 · 22:34,4,2734,الأعراف,7
أَجَلُهُمْ,122,6101,No,6,7:34,7:34 · 7:185 · 10:11 · 10:49 · 16:61 · 35:45,4,1452,الأعراف,7
يَسْتَأْخِرُونَ,123,6102,No,5,7:34,7:34 · 10:49 · 15:5 · 16:61 · 23:43,5,2098,الأعراف,7
سَاعَةً,124,6103,No,6,7:34,7:34 · 10:45 · 10:49 · 16:61 · 34:30 · 46:35,5,1577,الأعراف,7
يَسْتَقْدِمُونَ,125,6104,No,3,7:34,7:34 · 10:49 · 16:61,3,3884,الأعراف,7
إِمَّا,126,6105,No,9,7:35,7:35 · 7:115 · 9:106 · 17:23 · 18:86 · 19:75 · 20:65 · 23:93 · 76:3,8,999,الأعراف,7
يَنَالُهُمْ,127,6106,No,1,7:37,7:37,1,17152,الأعراف,7
نَصِيبُهُمْ,128,6107,No,1,7:37,7:37,1,14327,الأعراف,7
يَتَوَفَّوْنَهُمْ,129,6108,No,1,7:37,7:37,1,16718,الأعراف,7
دَخَلَتْ,130,6109,No,1,7:38,7:38,1,10507,الأعراف,7
لَعَنَتْ,131,6110,No,1,7:38,7:38,1,13110,الأعراف,7
أُخْتَهَا,132,6111,No,1,7:38,7:38,1,7570,الأعراف,7
ادَّارَكُوا,133,6112,No,1,7:38,7:38,1,7780,الأعراف,7
أُخْرَاهُمْ,134,6113,No,1,7:38,7:38,1,7574,الأعراف,7
لِأُولَاهُمْ,135,6114,No,1,7:38,7:38,1,13333,الأعراف,7
أَضَلُّونَا,136,6115,No,1,7:38,7:38,1,7172,الأعراف,7
فَآتِهِمْ,137,6116,No,1,7:38,7:38,1,11736,الأعراف,7
ضِعْفًا,138,6117,No,2,7:38,7:38 · 38:61,2,5216,الأعراف,7
ضِعْفٌ,139,6118,No,1,7:38,7:38,1,11328,الأعراف,7
أُولَاهُمْ,140,6119,No,1,7:39,7:39,1,7638,الأعراف,7
لِأُخْرَاهُمْ,141,6120,No,1,7:39,7:39,1,13331,الأعراف,7
تُفَتَّحُ,142,6121,No,1,7:40,7:40,1,9955,الأعراف,7
أَبْوَابُ,143,6122,No,1,7:40,7:40,1,6822,الأعراف,7
يَلِجَ,144,6123,No,1,7:40,7:40,1,17111,الأعراف,7
الْجَمَلُ,145,6124,No,1,7:40,7:40,1,8332,الأعراف,7
سَمِّ,146,6125,No,1,7:40,7:40,1,10989,الأعراف,7
الْخِيَاطِ,147,6126,No,1,7:40,7:40,1,8433,الأعراف,7
مِهَادٌ,148,6127,No,1,7:41,7:41,1,14177,الأعراف,7
غَوَاشٍ,149,6128,No,1,7:41,7:41,1,11696,الأعراف,7
وَنَزَعْنَا,150,6129,No,3,7:43,7:43 · 15:47 · 28:75,3,3821,الأعراف,7
صُدُورِهِمْ,151,6130,No,5,7:43,7:43 · 15:47 · 40:56 · 59:9 · 59:13,4,1928,الأعراف,7
غِلٍّ,152,6131,No,2,7:43,7:43 · 15:47,2,5338,الأعراف,7
تَحْتِهِمُ,153,6132,No,3,7:43,7:43 · 10:9 · 18:31,3,3118,الأعراف,7
لِهَذَا,154,6133,No,2,7:43,7:43 · 41:26,2,5759,الأعراف,7
لِنَهْتَدِيَ,155,6134,No,1,7:43,7:43,1,13511,الأعراف,7
وَنُودُوا,156,6135,No,1,7:43,7:43,1,16323,الأعراف,7
تِلْكُمُ,157,6136,No,1,7:43,7:43,1,10027,الأعراف,7
الْجَنَّةُ,158,6137,No,6,7:43,7:43 · 19:63 · 26:90 · 43:72 · 50:31 · 81:13,6,1501,الأعراف,7
أُورِثْتُمُوهَا,159,6138,No,2,7:43,7:43 · 43:72,2,4190,الأعراف,7
وَنَادَى,160,6139,No,6,7:44,7:44 · 7:48 · 7:50 · 11:42 · 11:45 · 43:51,3,1690,الأعراف,7
وَعَدَنَا,161,6140,No,3,7:44,7:44 · 33:12 · 33:22,2,3773,الأعراف,7
وَجَدْتُمْ,162,6141,No,2,7:44,7:44 · 43:24,2,6223,الأعراف,7
نَعَمْ,163,6142,No,4,7:44,7:44 · 7:114 · 26:42 · 37:18,3,2635,الأعراف,7
فَأَذَّنَ,164,6143,No,1,7:44,7:44,1,11775,الأعراف,7
مُؤَذِّنٌ,165,6144,No,2,7:44,7:44 · 12:70,2,5859,الأعراف,7
وَيَبْغُونَهَا,166,6145,No,3,7:45,7:45 · 11:19 · 14:3,3,3830,الأعراف,7
كَافِرُونَ,167,6146,No,15,7:45,7:45 · 7:76 · 9:55 · 9:85 · 9:125 · 11:19 · 12:37 · 21:36 · 28:48 · 32:10 · 34:34 · 41:7 … (+3),10,623,الأعراف,7
وَبَيْنَهُمَا,168,6147,No,1,7:46,7:46,1,15312,الأعراف,7
حِجَابٌ,169,6148,No,2,7:46,7:46 · 41:5,2,4922,الأعراف,7
الْأَعْرَافِ,170,6149,No,2,7:46,7:46 · 7:48,1,4334,الأعراف,7
رِجَالٌ,171,6150,No,6,7:46,7:46 · 9:108 · 24:37 · 33:23 · 48:25 · 72:6,6,1574,الأعراف,7
وَنَادَوْا,172,6151,No,2,7:46,7:46 · 43:77,2,6384,الأعراف,7
يَطْمَعُونَ,173,6152,No,1,7:46,7:46,1,16983,الأعراف,7
صُرِفَتْ,174,6153,No,1,7:47,7:47,1,11281,الأعراف,7
أَبْصَارُهُمْ,175,6154,No,5,7:47,7:47 · 46:26 · 54:7 · 68:43 · 70:44,5,1731,الأعراف,7
تِلْقَاءَ,176,6155,No,2,7:47,7:47 · 28:22,2,4847,الأعراف,7
تَجْعَلْنَا,177,6156,No,3,7:47,7:47 · 10:85 · 60:5,3,3116,الأعراف,7
يَعْرِفُونَهُمْ,178,6157,No,1,7:48,7:48,1,17005,الأعراف,7
أَغْنَى,179,6158,No,9,7:48,7:48 · 15:84 · 26:207 · 39:50 · 40:82 · 46:26 · 53:48 · 69:28 · 111:2,9,989,الأعراف,7
جَمْعُكُمْ,180,6159,No,1,7:48,7:48,1,10110,الأعراف,7
أَقْسَمْتُمْ,181,6160,No,2,7:49,7:49 · 14:44,2,4112,الأعراف,7
يَنَالُهُمُ,182,6161,No,1,7:49,7:49,1,17151,الأعراف,7
بِرَحْمَةٍ,183,6162,No,7,7:49,7:49 · 7:72 · 9:21 · 11:58 · 11:66 · 11:94 · 39:38,4,1315,الأعراف,7
تَحْزَنُونَ,184,6163,No,2,7:49,7:49 · 43:68,2,4711,الأعراف,7
الْمَاءِ,185,6164,No,6,7:50,7:50 · 11:7 · 11:43 · 13:14 · 21:30 · 25:54,5,1515,الأعراف,7
حَرَّمَهُمَا,186,6165,No,1,7:50,7:50,1,10216,الأعراف,7
لَهْوًا,187,6166,No,3,7:51,7:51 · 21:17 · 62:11,3,3510,الأعراف,7
فَالْيَوْمَ,188,6167,No,8,7:51,7:51 · 10:92 · 34:42 · 36:54 · 45:35 · 46:20 · 57:15 · 83:34,8,1190,الأعراف,7
نَنْسَاهُمْ,189,6168,No,1,7:51,7:51,1,14415,الأعراف,7
يَوْمِهِمْ,190,6169,No,1,7:51,7:51,1,17208,الأعراف,7
جِئْنَاهُمْ,191,6170,No,1,7:52,7:52,1,10161,الأعراف,7
بِكِتَابٍ,192,6171,No,3,7:52,7:52 · 28:49 · 46:4,3,3102,الأعراف,7
فَصَّلْنَاهُ,193,6172,No,2,7:52,7:52 · 17:12,2,5458,الأعراف,7
تَأْوِيلُهُ,194,6173,No,2,7:53,7:53 · 10:39,2,4691,الأعراف,7
نَسُوهُ,195,6174,No,1,7:53,7:53,1,14296,الأعراف,7
شُفَعَاءَ,196,6175,No,2,7:53,7:53 · 39:43,2,5163,الأعراف,7
فَيَشْفَعُوا,197,6176,No,1,7:53,7:53,1,12517,الأعراف,7
فَنَعْمَلَ,198,6177,No,1,7:53,7:53,1,12467,الأعراف,7
نَعْمَلُ,199,6178,No,3,7:53,7:53 · 16:28 · 35:37,3,3634,الأعراف,7
سِتَّةِ,200,6179,No,7,7:54,7:54 · 10:3 · 11:7 · 25:59 · 32:4 · 50:38 · 57:4,7,1353,الأعراف,7
الْعَرْشِ,201,6180,No,19,7:54,7:54 · 9:129 · 10:3 · 12:100 · 13:2 · 17:42 · 20:5 · 21:22 · 23:86 · 23:116 · 25:59 · 27:26 … (+7),18,480,الأعراف,7
يُغْشِي,202,6181,No,2,7:54,7:54 · 13:3,2,6663,الأعراف,7
يَطْلُبُهُ,203,6182,No,1,7:54,7:54,1,16981,الأعراف,7
حَثِيثًا,204,6183,No,1,7:54,7:54,1,10202,الأعراف,7
وَالنُّجُومَ,205,6184,No,1,7:54,7:54,1,15094,الأعراف,7
مُسَخَّرَاتٍ,206,6185,No,2,7:54,7:54 · 16:79,2,5886,الأعراف,7
الْخَلْقُ,207,6186,No,2,7:54,7:54 · 13:16,2,4392,الأعراف,7
وَالْأَمْرُ,208,6187,No,3,7:54,7:54 · 27:33 · 82:19,3,3717,الأعراف,7
تَبَارَكَ,209,6188,No,6,7:54,7:54 · 25:1 · 25:10 · 25:61 · 55:78 · 67:1,4,1539,الأعراف,7
ادْعُوا,210,6189,No,8,7:55,7:55 · 7:195 · 17:56 · 17:110 · 17:110 · 28:64 · 34:22 · 40:49,5,1132,الأعراف,7
رَبَّكُمْ,211,6190,No,15,7:55,7:55 · 8:9 · 11:3 · 11:52 · 11:90 · 16:7 · 16:47 · 22:1 · 22:77 · 31:33 · 37:126 · 39:10 … (+3),11,614,الأعراف,7
إِصْلَاحِهَا,212,6191,No,2,7:56,7:56 · 7:85,1,4196,الأعراف,7
خَوْفًا,213,6192,No,4,7:56,7:56 · 13:12 · 30:24 · 32:16,4,2408,الأعراف,7
وَطَمَعًا,214,6193,No,4,7:56,7:56 · 13:12 · 30:24 · 32:16,4,2717,الأعراف,7
يُرْسِلُ,215,6194,No,3,7:57,7:57 · 27:63 · 30:48,3,3939,الأعراف,7
الرِّيَاحَ,216,6195,No,7,7:57,7:57 · 15:22 · 25:48 · 27:63 · 30:46 · 30:48 · 35:9,6,1284,الأعراف,7
بُشْرًا,217,6196,No,3,7:57,7:57 · 25:48 · 27:63,3,3067,الأعراف,7
يَدَيْ,218,6197,No,6,7:57,7:57 · 25:48 · 27:63 · 34:46 · 58:12 · 58:13,5,1704,الأعراف,7
رَحْمَتِهِ,219,6198,No,13,7:57,7:57 · 9:99 · 18:16 · 25:48 · 27:63 · 28:73 · 30:46 · 39:38 · 42:8 · 45:30 · 48:25 · 57:28 … (+1),13,718,الأعراف,7
أَقَلَّتْ,220,6199,No,1,7:57,7:57,1,7284,الأعراف,7
سَحَابًا,221,6200,No,4,7:57,7:57 · 24:43 · 30:48 · 35:9,4,2442,الأعراف,7
ثِقَالًا,222,6201,No,1,7:57,7:57,1,10055,الأعراف,7
سُقْنَاهُ,223,6202,No,1,7:57,7:57,1,11060,الأعراف,7
لِبَلَدٍ,224,6203,No,1,7:57,7:57,1,13345,الأعراف,7
مَيِّتٍ,225,6204,No,2,7:57,7:57 · 35:9,2,5857,الأعراف,7
الْمَاءَ,226,6205,No,7,7:57,7:57 · 22:5 · 32:27 · 41:39 · 54:28 · 56:68 · 80:25,7,1303,الأعراف,7
وَالْبَلَدُ,227,6206,No,1,7:58,7:58,1,15142,الأعراف,7
الطَّيِّبُ,228,6207,No,2,7:58,7:58 · 35:10,2,4304,الأعراف,7
يَخْرُجُ,229,6208,No,9,7:58,7:58 · 7:58 · 16:69 · 24:43 · 30:48 · 34:2 · 55:22 · 57:4 · 86:7,8,1103,الأعراف,7
نَبَاتُهُ,230,6209,No,2,7:58,7:58 · 57:20,2,5942,الأعراف,7
وَالَّذِي,231,6210,No,15,7:58,7:58 · 13:1 · 20:72 · 24:11 · 26:79 · 26:81 · 26:82 · 35:31 · 39:33 · 42:13 · 43:11 · 43:12 … (+3),11,634,الأعراف,7
خَبُثَ,232,6211,No,1,7:58,7:58,1,10385,الأعراف,7
نَكِدًا,233,6212,No,1,7:58,7:58,1,14403,الأعراف,7
نُوحًا,234,6213,No,7,7:59,7:59 · 11:25 · 23:23 · 29:14 · 42:13 · 57:26 · 71:1,7,1404,الأعراف,7
غَيْرُهُ,235,6214,No,9,7:59,7:59 · 7:65 · 7:73 · 7:85 · 11:50 · 11:61 · 11:84 · 23:23 · 23:32,3,1056,الأعراف,7
الْمَلَأُ,236,6215,No,16,7:60,7:60 · 7:66 · 7:75 · 7:88 · 7:90 · 7:109 · 7:127 · 11:27 · 12:43 · 23:24 · 23:33 · 27:29 … (+4),7,571,الأعراف,7
لَنَرَاكَ,237,6216,No,3,7:60,7:60 · 7:66 · 11:91,2,3509,الأعراف,7
ضَلَالَةٌ,238,6217,No,1,7:61,7:61,1,11316,الأعراف,7
وَلَكِنِّي,239,6218,No,4,7:61,7:61 · 7:67 · 11:29 · 46:23,3,2730,الأعراف,7
أُبَلِّغُكُمْ,240,6219,No,2,7:62,7:62 · 7:68,1,4168,الأعراف,7
رِسَالَاتِ,241,6220,No,5,7:62,7:62 · 7:68 · 7:93 · 33:39 · 72:28,3,1909,الأعراف,7
وَأَنْصَحُ,242,6221,No,1,7:62,7:62,1,14788,الأعراف,7
أَوَعَجِبْتُمْ,243,6222,No,2,7:63,7:63 · 7:69,1,4154,الأعراف,7
ذِكْرٌ,244,6223,No,9,7:63,7:63 · 7:69 · 12:104 · 21:50 · 36:69 · 38:49 · 38:87 · 68:52 · 81:27,7,1038,الأعراف,7
رَجُلٍ,245,6224,No,5,7:63,7:63 · 7:69 · 10:2 · 34:7 · 43:31,4,1902,الأعراف,7
لِيُنْذِرَكُمْ,246,6225,No,2,7:63,7:63 · 7:69,1,5774,الأعراف,7
وَلِتَتَّقُوا,247,6226,No,1,7:63,7:63,1,16099,الأعراف,7
فَكَذَّبُوهُ,248,6227,No,8,7:64,7:64 · 10:73 · 16:113 · 26:139 · 26:189 · 29:37 · 37:127 · 91:14,7,1192,الأعراف,7
فَأَنْجَيْنَاهُ,249,6228,No,6,7:64,7:64 · 7:72 · 7:83 · 26:119 · 27:57 · 29:15,4,1603,الأعراف,7
الْفُلْكِ,250,6229,No,11,7:64,7:64 · 10:22 · 10:73 · 23:22 · 23:28 · 26:119 · 29:65 · 36:41 · 37:140 · 40:80 · 43:12,9,828,الأعراف,7
عَمِينَ,251,6230,No,1,7:64,7:64,1,11574,الأعراف,7
أَخَاهُمْ,252,6231,No,8,7:65,7:65 · 7:73 · 7:85 · 11:50 · 11:61 · 11:84 · 27:45 · 29:36,4,1117,الأعراف,7
سَفَاهَةٍ,253,6232,No,1,7:66,7:66,1,10947,الأعراف,7
لَنَظُنُّكَ,254,6233,No,1,7:66,7:66,1,13208,الأعراف,7
سَفَاهَةٌ,255,6234,No,1,7:67,7:67,1,10946,الأعراف,7
نَاصِحٌ,256,6235,No,1,7:68,7:68,1,14201,الأعراف,7
أَمِينٌ,257,6236,No,9,7:68,7:68 · 12:54 · 26:107 · 26:125 · 26:143 · 26:162 · 26:178 · 27:39 · 44:18,5,992,الأعراف,7
خُلَفَاءَ,258,6237,No,3,7:69,7:69 · 7:74 · 27:62,2,3232,الأعراف,7
وَزَادَكُمْ,259,6238,No,1,7:69,7:69,1,15678,الأعراف,7
الْخَلْقِ,260,6239,No,4,7:69,7:69 · 23:17 · 35:1 · 36:68,4,2262,الأعراف,7
آلَاءَ,261,6240,No,2,7:69,7:69 · 7:74,1,3972,الأعراف,7
أَجِئْتَنَا,262,6241,No,5,7:70,7:70 · 10:78 · 20:57 · 21:55 · 46:22,5,1736,الأعراف,7
لِنَعْبُدَ,263,6242,No,1,7:70,7:70,1,13509,الأعراف,7
وَحْدَهُ,264,6243,No,6,7:70,7:70 · 17:46 · 39:45 · 40:12 · 40:84 · 60:4,5,1680,الأعراف,7
وَنَذَرَ,265,6244,No,1,7:70,7:70,1,16261,الأعراف,7
يَعْبُدُ,266,6245,No,8,7:70,7:70 · 11:62 · 11:87 · 11:109 · 11:109 · 14:10 · 22:11 · 34:43,5,1247,الأعراف,7
فَأْتِنَا,267,6246,No,3,7:70,7:70 · 11:32 · 46:22,3,3386,الأعراف,7
تَعِدُنَا,268,6247,No,4,7:70,7:70 · 7:77 · 11:32 · 46:22,3,2361,الأعراف,7
وَغَضَبٌ,269,6248,No,1,7:71,7:71,1,15890,الأعراف,7
أَتُجَادِلُونَنِي,270,6249,No,1,7:71,7:71,1,6861,الأعراف,7
أَسْمَاءٍ,271,6250,No,1,7:71,7:71,1,7113,الأعراف,7
سَمَّيْتُمُوهَا,272,6251,No,3,7:71,7:71 · 12:40 · 53:23,3,3276,الأعراف,7
وَآبَاؤُكُمْ,273,6252,No,4,7:71,7:71 · 12:40 · 21:54 · 53:23,4,2659,الأعراف,7
سُلْطَانٍ,274,6253,No,9,7:71,7:71 · 10:68 · 12:40 · 14:22 · 34:21 · 37:30 · 40:35 · 40:56 · 53:23,8,1045,الأعراف,7
فَانْتَظِرُوا,275,6254,No,3,7:71,7:71 · 10:20 · 10:102,2,3395,الأعراف,7
الْمُنْتَظِرِينَ,276,6255,No,3,7:71,7:71 · 10:20 · 10:102,2,3035,الأعراف,7
وَقَطَعْنَا,277,6256,No,1,7:72,7:72,1,15947,الأعراف,7
دَابِرَ,278,6257,No,3,7:72,7:72 · 8:7 · 15:66,3,3234,الأعراف,7
ثَمُودَ,279,6258,No,6,7:73,7:73 · 11:61 · 11:68 · 17:59 · 27:45 · 51:43,5,1552,الأعراف,7
جَاءَتْكُمْ,280,6259,No,4,7:73,7:73 · 7:85 · 10:57 · 33:9,3,2385,الأعراف,7
نَاقَةُ,281,6260,No,2,7:73,7:73 · 11:64,2,5938,الأعراف,7
فَذَرُوهَا,282,6261,No,2,7:73,7:73 · 11:64,2,5439,الأعراف,7
تَأْكُلْ,283,6262,No,2,7:73,7:73 · 11:64,2,4685,الأعراف,7
أَرْضِ,284,6263,No,2,7:73,7:73 · 11:64,2,4048,الأعراف,7
تَمَسُّوهَا,285,6264,No,3,7:73,7:73 · 11:64 · 26:156,3,3147,الأعراف,7
بِسُوءٍ,286,6265,No,4,7:73,7:73 · 11:54 · 11:64 · 26:156,3,2326,الأعراف,7
فَيَأْخُذَكُمْ,287,6266,No,3,7:73,7:73 · 11:64 · 26:156,3,3436,الأعراف,7
وَبَوَّأَكُمْ,288,6267,No,1,7:74,7:74,1,15309,الأعراف,7
تَتَّخِذُونَ,289,6268,No,3,7:74,7:74 · 16:67 · 16:92,2,3115,الأعراف,7
سُهُولِهَا,290,6269,No,1,7:74,7:74,1,11071,الأعراف,7
قُصُورًا,291,6270,No,2,7:74,7:74 · 25:10,2,5584,الأعراف,7
وَتَنْحِتُونَ,292,6271,No,2,7:74,7:74 · 26:149,2,6209,الأعراف,7
الْجِبَالَ,293,6272,No,6,7:74,7:74 · 17:37 · 18:47 · 21:79 · 27:88 · 38:18,6,1502,الأعراف,7
بُيُوتًا,294,6273,No,9,7:74,7:74 · 10:87 · 15:82 · 16:68 · 16:80 · 24:27 · 24:29 · 24:61 · 26:149,6,1018,الأعراف,7
اسْتَكْبَرُوا,295,6274,No,11,7:75,7:75 · 7:76 · 7:88 · 14:21 · 25:21 · 34:31 · 34:32 · 34:33 · 40:47 · 40:48 · 41:38,6,815,الأعراف,7
اسْتُضْعِفُوا,296,6275,No,5,7:75,7:75 · 28:5 · 34:31 · 34:32 · 34:33,3,1770,الأعراف,7
أَتَعْلَمُونَ,297,6276,No,1,7:75,7:75,1,6842,الأعراف,7
مُرْسَلٌ,298,6277,No,1,7:75,7:75,1,13974,الأعراف,7
فَعَقَرُوا,299,6278,No,1,7:77,7:77,1,12304,الأعراف,7
النَّاقَةَ,300,6279,No,2,7:77,7:77 · 17:59,2,4309,الأعراف,7
وَعَتَوْا,301,6280,No,2,7:77,7:77 · 25:21,2,6295,الأعراف,7
أَمْرِ,302,6281,No,9,7:77,7:77 · 11:43 · 11:73 · 13:11 · 17:85 · 18:50 · 49:9 · 51:44 · 65:8,8,993,الأعراف,7
صَالِحُ,303,6282,No,2,7:77,7:77 · 11:62,2,5179,الأعراف,7
الرَّجْفَةُ,304,6283,No,4,7:78,7:78 · 7:91 · 7:155 · 29:37,2,2223,الأعراف,7
دَارِهِمْ,305,6284,No,4,7:78,7:78 · 7:91 · 13:31 · 29:37,3,2413,الأعراف,7
جَاثِمِينَ,306,6285,No,5,7:78,7:78 · 7:91 · 11:67 · 11:94 · 29:37,3,1863,الأعراف,7
فَتَوَلَّى,307,6286,No,4,7:79,7:79 · 7:93 · 20:60 · 51:39,3,2514,الأعراف,7
أَبْلَغْتُكُمْ,308,6287,No,3,7:79,7:79 · 7:93 · 11:57,2,2829,الأعراف,7
رِسَالَةَ,309,6288,No,1,7:79,7:79,1,10777,الأعراف,7
وَنَصَحْتُ,310,6289,No,2,7:79,7:79 · 7:93,1,6391,الأعراف,7
أَتَأْتُونَ,311,6290,No,3,7:80,7:80 · 26:165 · 27:54,3,2831,الأعراف,7
سَبَقَكُمْ,312,6291,No,2,7:80,7:80 · 29:28,2,5076,الأعراف,7
لَتَأْتُونَ,313,6292,No,4,7:81,7:81 · 27:55 · 29:28 · 29:29,3,2561,الأعراف,7
الرِّجَالَ,314,6293,No,3,7:81,7:81 · 27:55 · 29:29,3,2938,الأعراف,7
شَهْوَةً,315,6294,No,2,7:81,7:81 · 27:55,2,5156,الأعراف,7
مُسْرِفُونَ,316,6295,No,2,7:81,7:81 · 36:19,2,5892,الأعراف,7
جَوَابَ,317,6296,No,4,7:82,7:82 · 27:56 · 29:24 · 29:29,3,2389,الأعراف,7
أَخْرِجُوهُمْ,318,6297,No,1,7:82,7:82,1,6981,الأعراف,7
قَرْيَتِكُمْ,319,6298,No,2,7:82,7:82 · 27:56,2,5559,الأعراف,7
أُنَاسٌ,320,6299,No,2,7:82,7:82 · 27:56,2,4186,الأعراف,7
يَتَطَهَّرُونَ,321,6300,No,2,7:82,7:82 · 27:56,2,6466,الأعراف,7
وَأَهْلَهُ,322,6301,No,8,7:83,7:83 · 21:76 · 26:170 · 27:49 · 27:57 · 29:32 · 37:76 · 37:134,6,1222,الأعراف,7
امْرَأَتَهُ,323,6302,No,4,7:83,7:83 · 15:60 · 27:57 · 29:32,4,2291,الأعراف,7
الْغَابِرِينَ,324,6303,No,7,7:83,7:83 · 15:60 · 26:171 · 27:57 · 29:32 · 29:33 · 37:135,6,1296,الأعراف,7
وَأَمْطَرْنَا,325,6304,No,5,7:84,7:84 · 11:82 · 15:74 · 26:173 · 27:58,5,2026,الأعراف,7
مَطَرًا,326,6305,No,3,7:84,7:84 · 26:173 · 27:58,3,3563,الأعراف,7
مَدْيَنَ,327,6306,No,9,7:85,7:85 · 9:70 · 11:84 · 20:40 · 22:44 · 28:22 · 28:23 · 28:45 · 29:36,7,1080,الأعراف,7
شُعَيْبًا,328,6307,No,7,7:85,7:85 · 7:90 · 7:92 · 7:92 · 11:84 · 11:94 · 29:36,3,1356,الأعراف,7
فَأَوْفُوا,329,6308,No,1,7:85,7:85,1,11850,الأعراف,7
تَبْخَسُوا,330,6309,No,3,7:85,7:85 · 11:85 · 26:183,3,3111,الأعراف,7
أَشْيَاءَهُمْ,331,6310,No,3,7:85,7:85 · 11:85 · 26:183,3,2854,الأعراف,7
تُوعِدُونَ,332,6311,No,1,7:86,7:86,1,10005,الأعراف,7
وَتَصُدُّونَ,333,6312,No,1,7:86,7:86,1,15395,الأعراف,7
وَتَبْغُونَهَا,334,6313,No,1,7:86,7:86,1,15355,الأعراف,7
فَكَثَّرَكُمْ,335,6314,No,1,7:86,7:86,1,12360,الأعراف,7
وَانْظُرُوا,336,6315,No,1,7:86,7:86,1,15274,الأعراف,7
أُرْسِلْتُ,337,6316,No,3,7:87,7:87 · 11:57 · 46:23,3,2896,الأعراف,7
فَاصْبِرُوا,338,6317,No,2,7:87,7:87 · 52:16,2,5396,الأعراف,7
يَحْكُمَ,339,6318,No,3,7:87,7:87 · 10:109 · 12:80,3,3867,الأعراف,7
الْحَاكِمِينَ,340,6319,No,5,7:87,7:87 · 10:109 · 11:45 · 12:80 · 95:8,5,1800,الأعراف,7
لَنُخْرِجَنَّكَ,341,6320,No,1,7:88,7:88,1,13222,الأعراف,7
شُعَيْبُ,342,6321,No,3,7:88,7:88 · 11:87 · 11:91,2,3298,الأعراف,7
قَرْيَتِنَا,343,6322,No,1,7:88,7:88,1,12661,الأعراف,7
لَتَعُودُنَّ,344,6323,No,2,7:88,7:88 · 14:13,2,5656,الأعراف,7
مِلَّتِنَا,345,6324,No,2,7:88,7:88 · 14:13,2,5929,الأعراف,7
كَارِهِينَ,346,6325,No,1,7:88,7:88,1,12785,الأعراف,7
افْتَرَيْنَا,347,6326,No,1,7:89,7:89,1,7887,الأعراف,7
عُدْنَا,348,6327,No,3,7:89,7:89 · 17:8 · 23:107,3,3351,الأعراف,7
مِلَّتِكُمْ,349,6328,No,1,7:89,7:89,1,14171,الأعراف,7
نَجَّانَا,350,6329,No,2,7:89,7:89 · 23:28,2,5948,الأعراف,7
نَعُودَ,351,6330,No,1,7:89,7:89,1,14350,الأعراف,7
تَوَكَّلْنَا,352,6331,No,4,7:89,7:89 · 10:85 · 60:4 · 67:29,4,2371,الأعراف,7
افْتَحْ,353,6332,No,1,7:89,7:89,1,7884,الأعراف,7
قَوْمِنَا,354,6333,No,1,7:89,7:89,1,12712,الأعراف,7
الْفَاتِحِينَ,355,6334,No,1,7:89,7:89,1,8490,الأعراف,7
لَئِنِ,356,6335,No,3,7:90,7:90 · 17:88 · 26:29,3,3490,الأعراف,7
اتَّبَعْتُمْ,357,6336,No,1,7:90,7:90,1,7732,الأعراف,7
لَخَاسِرُونَ,358,6337,No,3,7:90,7:90 · 12:14 · 23:34,3,3493,الأعراف,7
يَغْنَوْا,359,6338,No,3,7:92,7:92 · 11:68 · 11:95,2,3909,الأعراف,7
آسَى,360,6339,No,1,7:93,7:93,1,6737,الأعراف,7
أَهْلَهَا,361,6340,No,6,7:94,7:94 · 7:123 · 18:71 · 18:77 · 28:4 · 29:31,4,1465,الأعراف,7
يَضَّرَّعُونَ,362,6341,No,1,7:94,7:94,1,16958,الأعراف,7
بَدَّلْنَا,363,6342,No,3,7:95,7:95 · 16:101 · 76:28,3,3050,الأعراف,7
السَّيِّئَةِ,364,6343,No,1,7:95,7:95,1,8032,الأعراف,7
الْحَسَنَةَ,365,6344,No,1,7:95,7:95,1,8364,الأعراف,7
عَفَوْا,366,6345,No,1,7:95,7:95,1,11532,الأعراف,7
الضَّرَّاءُ,367,6346,No,1,7:95,7:95,1,8098,الأعراف,7
وَالسَّرَّاءُ,368,6347,No,1,7:95,7:95,1,15034,الأعراف,7
لَفَتَحْنَا,369,6348,No,1,7:96,7:96,1,13127,الأعراف,7
بَرَكَاتٍ,370,6349,No,1,7:96,7:96,1,8851,الأعراف,7
أَفَأَمِنَ,371,6350,No,2,7:97,7:97 · 16:45,2,4091,الأعراف,7
يَأْتِيَهُمْ,372,6351,No,4,7:97,7:97 · 7:98 · 22:55 · 71:1,3,2757,الأعراف,7
نَائِمُونَ,373,6352,No,2,7:97,7:97 · 68:19,2,5935,الأعراف,7
أَوَأَمِنَ,374,6353,No,1,7:98,7:98,1,7490,الأعراف,7
ضُحًى,375,6354,No,2,7:98,7:98 · 20:59,2,5212,الأعراف,7
أَفَأَمِنُوا,376,6355,No,2,7:99,7:99 · 12:107,2,4092,الأعراف,7
مَكْرَ,377,6356,No,2,7:99,7:99 · 7:99,1,5832,الأعراف,7
يَأْمَنُ,378,6357,No,1,7:99,7:99,1,16646,الأعراف,7
يَهْدِ,379,6358,No,8,7:100,7:100 · 7:178 · 17:97 · 18:17 · 20:128 · 32:26 · 39:37 · 64:11,7,1255,الأعراف,7
يَرِثُونَ,380,6359,No,2,7:100,7:100 · 23:11,2,6507,الأعراف,7
أَصَبْنَاهُمْ,381,6360,No,1,7:100,7:100,1,7145,الأعراف,7
وَنَطْبَعُ,382,6361,No,1,7:100,7:100,1,16280,الأعراف,7
نَقُصُّ,383,6362,No,5,7:101,7:101 · 11:120 · 12:3 · 18:13 · 20:99,5,2016,الأعراف,7
أَنْبَائِهَا,384,6363,No,1,7:101,7:101,1,7415,الأعراف,7
رُسُلُهُمْ,385,6364,No,11,7:101,7:101 · 9:70 · 10:13 · 14:9 · 14:10 · 14:11 · 30:9 · 35:25 · 40:22 · 40:83 · 64:6,8,845,الأعراف,7
يَطْبَعُ,386,6365,No,3,7:101,7:101 · 30:59 · 40:35,3,3896,الأعراف,7
لِأَكْثَرِهِمْ,387,6366,No,1,7:102,7:102,1,13319,الأعراف,7
عَهْدٍ,388,6367,No,1,7:102,7:102,1,11580,الأعراف,7
لَفَاسِقِينَ,389,6368,No,1,7:102,7:102,1,13125,الأعراف,7
بَعَثْنَا,390,6369,No,5,7:103,7:103 · 10:74 · 10:75 · 16:36 · 17:5,4,1822,الأعراف,7
وَمَلَئِهِ,391,6370,No,6,7:103,7:103 · 10:75 · 11:97 · 23:46 · 28:32 · 43:46,6,1687,الأعراف,7
فَظَلَمُوا,392,6371,No,2,7:103,7:103 · 17:59,2,5463,الأعراف,7
فِرْعَوْنُ,393,6372,No,19,7:104,7:104 · 7:123 · 7:137 · 10:79 · 10:90 · 17:101 · 17:102 · 20:60 · 20:78 · 20:79 · 26:23 · 26:53 … (+7),10,495,الأعراف,7
حَقِيقٌ,394,6373,No,1,7:105,7:105,1,10258,الأعراف,7
بِبَيِّنَةٍ,395,6374,No,2,7:105,7:105 · 11:53,2,4625,الأعراف,7
فَأَرْسِلْ,396,6375,No,4,7:105,7:105 · 12:63 · 20:47 · 26:13,4,2501,الأعراف,7
مَعِيَ,397,6376,No,11,7:105,7:105 · 9:83 · 9:83 · 18:67 · 18:72 · 18:75 · 21:24 · 26:62 · 26:118 · 28:34 · 67:28,7,869,الأعراف,7
فَأَلْقَى,398,6377,No,3,7:107,7:107 · 26:32 · 26:45,2,3379,الأعراف,7
عَصَاهُ,399,6378,No,3,7:107,7:107 · 26:32 · 26:45,2,3335,الأعراف,7
ثُعْبَانٌ,400,6379,No,2,7:107,7:107 · 26:32,2,4857,الأعراف,7
وَنَزَعَ,401,6380,No,2,7:108,7:108 · 26:33,2,6389,الأعراف,7
يَدَهُ,402,6381,No,3,7:108,7:108 · 24:40 · 26:33,3,3873,الأعراف,7
بَيْضَاءُ,403,6382,No,2,7:108,7:108 · 26:33,2,4561,الأعراف,7
لِلنَّاظِرِينَ,404,6383,No,3,7:108,7:108 · 15:16 · 26:33,3,3529,الأعراف,7
لَسَاحِرٌ,405,6384,No,3,7:109,7:109 · 10:2 · 26:34,3,3494,الأعراف,7
يُخْرِجَكُمْ,406,6385,No,2,7:110,7:110 · 26:35,2,6629,الأعراف,7
أَرْضِكُمْ,407,6386,No,3,7:110,7:110 · 20:63 · 26:35,3,2847,الأعراف,7
فَمَاذَا,408,6387,No,3,7:110,7:110 · 10:32 · 26:35,3,3429,الأعراف,7
أَرْجِهْ,409,6388,No,2,7:111,7:111 · 26:36,2,4043,الأعراف,7
وَأَخَاهُ,410,6389,No,3,7:111,7:111 · 23:45 · 26:36,3,3662,الأعراف,7
وَأَرْسِلْ,411,6390,No,1,7:111,7:111,1,14682,الأعراف,7
الْمَدَائِنِ,412,6391,No,3,7:111,7:111 · 26:36 · 26:53,2,3018,الأعراف,7
حَاشِرِينَ,413,6392,No,3,7:111,7:111 · 26:36 · 26:53,2,3193,الأعراف,7
سَاحِرٍ,414,6393,No,3,7:112,7:112 · 10:79 · 20:69,3,3266,الأعراف,7
عَلِيمٍ,415,6394,No,6,7:112,7:112 · 10:79 · 15:53 · 26:37 · 27:6 · 51:28,6,1596,الأعراف,7
وَجَاءَ,416,6395,No,10,7:113,7:113 · 9:90 · 12:58 · 12:100 · 15:67 · 28:20 · 36:20 · 50:33 · 69:9 · 89:22,9,963,الأعراف,7
السَّحَرَةُ,417,6396,No,7,7:113,7:113 · 7:120 · 10:80 · 20:70 · 26:38 · 26:41 · 26:46,4,1285,الأعراف,7
لَأَجْرًا,418,6397,No,3,7:113,7:113 · 26:41 · 68:3,3,3489,الأعراف,7
الْغَالِبِينَ,419,6398,No,4,7:113,7:113 · 26:40 · 26:41 · 37:116,3,2265,الأعراف,7
وَإِنَّكُمْ,420,6399,No,3,7:114,7:114 · 26:42 · 37:137,3,3684,الأعراف,7
تُلْقِيَ,421,6400,No,2,7:115,7:115 · 20:65,2,4839,الأعراف,7
نَكُونَ,422,6401,No,2,7:115,7:115 · 20:65,2,5989,الأعراف,7
الْمُلْقِينَ,423,6402,No,1,7:115,7:115,1,8708,الأعراف,7
أَلْقُوا,424,6403,No,4,7:116,7:116 · 10:80 · 20:66 · 26:43,4,2179,الأعراف,7
أَلْقَوْا,425,6404,No,2,7:116,7:116 · 10:81,2,4117,الأعراف,7
سَحَرُوا,426,6405,No,1,7:116,7:116,1,10926,الأعراف,7
أَعْيُنَ,427,6406,No,1,7:116,7:116,1,7227,الأعراف,7
وَاسْتَرْهَبُوهُمْ,428,6407,No,1,7:116,7:116,1,14953,الأعراف,7
وَجَاءُوا,429,6408,No,3,7:116,7:116 · 12:16 · 12:18,2,3738,الأعراف,7
بِسِحْرٍ,430,6409,No,2,7:116,7:116 · 20:58,2,4648,الأعراف,7
أَلْقِ,431,6410,No,2,7:117,7:117 · 28:31,2,4118,الأعراف,7
عَصَاكَ,432,6411,No,3,7:117,7:117 · 27:10 · 28:31,3,3334,الأعراف,7
تَلْقَفُ,433,6412,No,2,7:117,7:117 · 26:45,2,4781,الأعراف,7
يَأْفِكُونَ,434,6413,No,2,7:117,7:117 · 26:45,2,6452,الأعراف,7
فَوَقَعَ,435,6414,No,1,7:118,7:118,1,12492,الأعراف,7
وَبَطَلَ,436,6415,No,1,7:118,7:118,1,15296,الأعراف,7
فَغُلِبُوا,437,6416,No,1,7:119,7:119,1,12327,الأعراف,7
وَانْقَلَبُوا,438,6417,No,1,7:119,7:119,1,15276,الأعراف,7
صَاغِرِينَ,439,6418,No,1,7:119,7:119,1,11206,الأعراف,7
وَأُلْقِيَ,440,6419,No,1,7:120,7:120,1,14834,الأعراف,7
سَاجِدِينَ,441,6420,No,5,7:120,7:120 · 12:4 · 15:29 · 26:46 · 38:72,5,1911,الأعراف,7
بِرَبِّ,442,6421,No,8,7:121,7:121 · 20:70 · 26:47 · 26:98 · 37:87 · 70:40 · 113:1 · 114:1,7,1154,الأعراف,7
آذَنَ,443,6422,No,3,7:123,7:123 · 20:71 · 26:49,3,2822,الأعراف,7
لَمَكْرٌ,444,6423,No,1,7:123,7:123,1,13178,الأعراف,7
مَكَرْتُمُوهُ,445,6424,No,1,7:123,7:123,1,13794,الأعراف,7
الْمَدِينَةِ,446,6425,No,13,7:123,7:123 · 9:101 · 9:120 · 12:30 · 15:67 · 18:19 · 18:82 · 27:48 · 28:18 · 28:20 · 33:60 · 36:20 … (+1),10,711,الأعراف,7
لِتُخْرِجُوا,447,6426,No,1,7:123,7:123,1,13380,الأعراف,7
لَأُقَطِّعَنَّ,448,6427,No,2,7:124,7:124 · 26:49,2,5647,الأعراف,7
لَأُصَلِّبَنَّكُمْ,449,6428,No,1,7:124,7:124,1,12972,الأعراف,7
مُنْقَلِبُونَ,450,6429,No,2,7:125,7:125 · 26:50,2,5916,الأعراف,7
تَنْقِمُ,451,6430,No,1,7:126,7:126,1,9800,الأعراف,7
جَاءَتْنَا,452,6431,No,1,7:126,7:126,1,10063,الأعراف,7
مُسْلِمِينَ,453,6432,No,8,7:126,7:126 · 10:84 · 15:2 · 27:31 · 27:38 · 27:42 · 28:53 · 43:69,6,1209,الأعراف,7
أَتَذَرُ,454,6433,No,1,7:127,7:127,1,6837,الأعراف,7
وَقَوْمَهُ,455,6434,No,1,7:127,7:127,1,15959,الأعراف,7
لِيُفْسِدُوا,456,6435,No,1,7:127,7:127,1,13601,الأعراف,7
وَيَذَرَكَ,457,6436,No,1,7:127,7:127,1,16416,الأعراف,7
وَآلِهَتَكَ,458,6437,No,1,7:127,7:127,1,14596,الأعراف,7
سَنُقَتِّلُ,459,6438,No,1,7:127,7:127,1,11010,الأعراف,7
وَنَسْتَحْيِي,460,6439,No,1,7:127,7:127,1,16273,الأعراف,7
نِسَاءَهُمْ,461,6440,No,3,7:127,7:127 · 28:4 · 40:25,3,3649,الأعراف,7
قَاهِرُونَ,462,6441,No,1,7:127,7:127,1,12622,الأعراف,7
وَاصْبِرُوا,463,6442,No,3,7:128,7:128 · 8:46 · 38:6,3,3697,الأعراف,7
يُورِثُهَا,464,6443,No,1,7:128,7:128,1,17556,الأعراف,7
وَالْعَاقِبَةُ,465,6444,No,3,7:128,7:128 · 20:132 · 28:83,3,3722,الأعراف,7
أُوذِينَا,466,6445,No,1,7:129,7:129,1,7630,الأعراف,7
تَأْتِيَنَا,467,6446,No,1,7:129,7:129,1,9299,الأعراف,7
جِئْتَنَا,468,6447,No,2,7:129,7:129 · 11:53,2,4887,الأعراف,7
عَدُوَّكُمْ,469,6448,No,1,7:129,7:129,1,11473,الأعراف,7
وَيَسْتَخْلِفَكُمْ,470,6449,No,1,7:129,7:129,1,16438,الأعراف,7
فَيَنْظُرَ,471,6450,No,1,7:129,7:129,1,12535,الأعراف,7
بِالسِّنِينَ,472,6451,No,1,7:130,7:130,1,9011,الأعراف,7
الْحَسَنَةُ,473,6452,No,2,7:131,7:131 · 41:34,2,4384,الأعراف,7
يَطَّيَّرُوا,474,6453,No,1,7:131,7:131,1,16973,الأعراف,7
بِمُوسَى,475,6454,No,1,7:131,7:131,1,9263,الأعراف,7
طَائِرُهُمْ,476,6455,No,1,7:131,7:131,1,11337,الأعراف,7
مَهْمَا,477,6456,No,1,7:132,7:132,1,13849,الأعراف,7
تَأْتِنَا,478,6457,No,1,7:132,7:132,1,9297,الأعراف,7
لِتَسْحَرَنَا,479,6458,No,1,7:132,7:132,1,13362,الأعراف,7
فَأَرْسَلْنَا,480,6459,No,7,7:133,7:133 · 7:162 · 19:17 · 23:32 · 33:9 · 34:16 · 41:16,6,1368,الأعراف,7
الطُّوفَانَ,481,6460,No,1,7:133,7:133,1,8114,الأعراف,7
وَالْجَرَادَ,482,6461,No,1,7:133,7:133,1,15150,الأعراف,7
وَالْقُمَّلَ,483,6462,No,1,7:133,7:133,1,15217,الأعراف,7
وَالضَّفَادِعَ,484,6463,No,1,7:133,7:133,1,15061,الأعراف,7
مُفَصَّلَاتٍ,485,6464,No,1,7:133,7:133,1,14057,الأعراف,7
فَاسْتَكْبَرُوا,486,6465,No,5,7:133,7:133 · 10:75 · 23:46 · 29:39 · 41:15,5,1945,الأعراف,7
مُجْرِمِينَ,487,6466,No,10,7:133,7:133 · 9:66 · 10:75 · 11:52 · 11:116 · 15:58 · 34:32 · 44:37 · 45:31 · 51:32,9,955,الأعراف,7
الرِّجْزُ,488,6467,No,1,7:134,7:134,1,7982,الأعراف,7
عِنْدَكَ,489,6468,No,4,7:134,7:134 · 17:23 · 43:49 · 66:11,4,2492,الأعراف,7
كَشَفْتَ,490,6469,No,1,7:134,7:134,1,12856,الأعراف,7
الرِّجْزَ,491,6470,No,2,7:134,7:134 · 7:135,1,4269,الأعراف,7
لَنُؤْمِنَنَّ,492,6471,No,1,7:134,7:134,1,13217,الأعراف,7
وَلَنُرْسِلَنَّ,493,6472,No,1,7:134,7:134,1,16070,الأعراف,7
كَشَفْنَا,494,6473,No,4,7:135,7:135 · 10:12 · 10:98 · 43:50,3,2550,الأعراف,7
بَالِغُوهُ,495,6474,No,1,7:135,7:135,1,8827,الأعراف,7
يَنْكُثُونَ,496,6475,No,2,7:135,7:135 · 43:50,2,6593,الأعراف,7
فَانْتَقَمْنَا,497,6476,No,4,7:136,7:136 · 15:79 · 30:47 · 43:25,4,2510,الأعراف,7
فَأَغْرَقْنَاهُمْ,498,6477,No,3,7:136,7:136 · 21:77 · 43:55,3,3377,الأعراف,7
الْيَمِّ,499,6478,No,7,7:136,7:136 · 20:39 · 20:78 · 20:97 · 28:7 · 28:40 · 51:40,4,1309,الأعراف,7
غَافِلِينَ,500,6479,No,4,7:136,7:136 · 7:146 · 7:172 · 23:17,2,2495,الأعراف,7
وَأَوْرَثْنَا,501,6480,No,2,7:137,7:137 · 40:53,2,6078,الأعراف,7
يُسْتَضْعَفُونَ,502,6481,No,1,7:137,7:137,1,17366,الأعراف,7
مَشَارِقَ,503,6482,No,1,7:137,7:137,1,13727,الأعراف,7
وَمَغَارِبَهَا,504,6483,No,1,7:137,7:137,1,16202,الأعراف,7
بَارَكْنَا,505,6484,No,5,7:137,7:137 · 17:1 · 21:71 · 21:81 · 34:18,4,1821,الأعراف,7
صَبَرُوا,506,6485,No,13,7:137,7:137 · 11:11 · 13:22 · 16:42 · 16:96 · 23:111 · 25:75 · 28:54 · 29:59 · 32:24 · 41:35 · 49:5 … (+1),12,720,الأعراف,7
وَدَمَّرْنَا,507,6486,No,1,7:137,7:137,1,15595,الأعراف,7
يَصْنَعُ,508,6487,No,1,7:137,7:137,1,16957,الأعراف,7
وَقَوْمُهُ,509,6488,No,1,7:137,7:137,1,15962,الأعراف,7
يَعْرِشُونَ,510,6489,No,2,7:137,7:137 · 16:68,2,6544,الأعراف,7
وَجَاوَزْنَا,511,6490,No,2,7:138,7:138 · 10:90,2,6220,الأعراف,7
بِبَنِي,512,6491,No,2,7:138,7:138 · 10:90,2,4624,الأعراف,7
فَأَتَوْا,513,6492,No,1,7:138,7:138,1,11748,الأعراف,7
يَعْكُفُونَ,514,6493,No,1,7:138,7:138,1,17015,الأعراف,7
أَصْنَامٍ,515,6494,No,1,7:138,7:138,1,7160,الأعراف,7
آلِهَةٌ,516,6495,No,4,7:138,7:138 · 17:42 · 21:22 · 21:43,3,2138,الأعراف,7
تَجْهَلُونَ,517,6496,No,4,7:138,7:138 · 11:29 · 27:55 · 46:23,4,2345,الأعراف,7
مُتَبَّرٌ,518,6497,No,1,7:139,7:139,1,13903,الأعراف,7
وَبَاطِلٌ,519,6498,No,2,7:139,7:139 · 11:16,2,6189,الأعراف,7
أَبْغِيكُمْ,520,6499,No,1,7:140,7:140,1,6809,الأعراف,7
فَضَّلَكُمْ,521,6500,No,1,7:140,7:140,1,12270,الأعراف,7
أَنْجَيْنَاكُمْ,522,6501,No,2,7:141,7:141 · 20:80,2,4139,الأعراف,7
يُقَتِّلُونَ,523,6502,No,1,7:141,7:141,1,17494,الأعراف,7
وَوَاعَدْنَا,524,6503,No,1,7:142,7:142,1,16354,الأعراف,7
ثَلَاثِينَ,525,6504,No,1,7:142,7:142,1,10040,الأعراف,7
وَأَتْمَمْنَاهَا,526,6505,No,1,7:142,7:142,1,14621,الأعراف,7
بِعَشْرٍ,527,6506,No,1,7:142,7:142,1,9196,الأعراف,7
فَتَمَّ,528,6507,No,1,7:142,7:142,1,12106,الأعراف,7
مِيقَاتُ,529,6508,No,1,7:142,7:142,1,14181,الأعراف,7
لِأَخِيهِ,530,6509,No,1,7:142,7:142,1,13313,الأعراف,7
اخْلُفْنِي,531,6510,No,1,7:142,7:142,1,7778,الأعراف,7
قَوْمِي,532,6511,No,5,7:142,7:142 · 25:30 · 26:117 · 36:26 · 71:5,5,1964,الأعراف,7
وَأَصْلِحْ,533,6512,No,2,7:142,7:142 · 46:15,2,6053,الأعراف,7
سَبِيلَ,534,6513,No,7,7:142,7:142 · 7:146 · 7:146 · 10:89 · 31:15 · 40:29 · 40:38,4,1345,الأعراف,7
لِمِيقَاتِنَا,535,6514,No,2,7:143,7:143 · 7:155,1,5757,الأعراف,7
وَكَلَّمَهُ,536,6515,No,1,7:143,7:143,1,16002,الأعراف,7
أَنْظُرْ,537,6516,No,1,7:143,7:143,1,7452,الأعراف,7
تَرَانِي,538,6517,No,2,7:143,7:143 · 7:143,1,4724,الأعراف,7
الْجَبَلِ,539,6518,No,1,7:143,7:143,1,8328,الأعراف,7
اسْتَقَرَّ,540,6519,No,1,7:143,7:143,1,7821,الأعراف,7
مَكَانَهُ,541,6520,No,3,7:143,7:143 · 12:78 · 28:82,3,3570,الأعراف,7
تَجَلَّى,542,6521,No,2,7:143,7:143 · 92:2,2,4702,الأعراف,7
لِلْجَبَلِ,543,6522,No,1,7:143,7:143,1,13468,الأعراف,7
دَكًّا,544,6523,No,3,7:143,7:143 · 89:21 · 89:21,2,3242,الأعراف,7
وَخَرَّ,545,6524,No,2,7:143,7:143 · 38:24,2,6240,الأعراف,7
صَعِقًا,546,6525,No,1,7:143,7:143,1,11247,الأعراف,7
أَفَاقَ,547,6526,No,1,7:143,7:143,1,7246,الأعراف,7
اصْطَفَيْتُكَ,548,6527,No,1,7:144,7:144,1,7859,الأعراف,7
بِرِسَالَاتِي,549,6528,No,1,7:144,7:144,1,9151,الأعراف,7
وَبِكَلَامِي,550,6529,No,1,7:144,7:144,1,15338,الأعراف,7
آتَيْتُكَ,551,6530,No,1,7:144,7:144,1,6712,الأعراف,7
وَكُنْ,552,6531,No,3,7:144,7:144 · 15:98 · 39:66,3,3796,الأعراف,7
الْأَلْوَاحِ,553,6532,No,1,7:145,7:145,1,8241,الأعراف,7
مَوْعِظَةً,554,6533,No,1,7:145,7:145,1,13876,الأعراف,7
فَخُذْهَا,555,6534,No,1,7:145,7:145,1,12167,الأعراف,7
وَأْمُرْ,556,6535,No,4,7:145,7:145 · 7:199 · 20:132 · 31:17,3,2677,الأعراف,7
قَوْمَكَ,557,6536,No,4,7:145,7:145 · 14:5 · 20:85 · 71:1,4,2537,الأعراف,7
يَأْخُذُوا,558,6537,No,1,7:145,7:145,1,16632,الأعراف,7
بِأَحْسَنِهَا,559,6538,No,1,7:145,7:145,1,8963,الأعراف,7
سَأُرِيكُمْ,560,6539,No,2,7:145,7:145 · 21:37,2,5072,الأعراف,7
دَارَ,561,6540,No,3,7:145,7:145 · 14:28 · 35:35,3,3235,الأعراف,7
سَأَصْرِفُ,562,6541,No,1,7:146,7:146,1,10861,الأعراف,7
آيَاتِيَ,563,6542,No,1,7:146,7:146,1,6756,الأعراف,7
يَتَكَبَّرُونَ,564,6543,No,1,7:146,7:146,1,16705,الأعراف,7
الرُّشْدِ,565,6544,No,2,7:146,7:146 · 72:2,2,4268,الأعراف,7
يَتَّخِذُوهُ,566,6545,No,2,7:146,7:146 · 7:146,1,6477,الأعراف,7
وَلِقَاءِ,567,6546,No,2,7:147,7:147 · 30:16,2,6364,الأعراف,7
يُجْزَوْنَ,568,6547,No,3,7:147,7:147 · 25:75 · 34:33,3,3929,الأعراف,7
قَوْمُ,569,6548,No,11,7:148,7:148 · 11:89 · 22:42 · 26:105 · 26:160 · 38:12 · 40:5 · 44:37 · 50:12 · 54:9 · 54:33,9,864,الأعراف,7
حُلِيِّهِمْ,570,6549,No,1,7:148,7:148,1,10312,الأعراف,7
عِجْلًا,571,6550,No,2,7:148,7:148 · 20:88,2,5315,الأعراف,7
جَسَدًا,572,6551,No,4,7:148,7:148 · 20:88 · 21:8 · 38:34,4,2387,الأعراف,7
خُوَارٌ,573,6552,No,2,7:148,7:148 · 20:88,2,4968,الأعراف,7
يُكَلِّمُهُمْ,574,6553,No,1,7:148,7:148,1,17505,الأعراف,7
يَهْدِيهِمْ,575,6554,No,2,7:148,7:148 · 10:9,2,6597,الأعراف,7
اتَّخَذُوهُ,576,6555,No,1,7:148,7:148,1,7737,الأعراف,7
سُقِطَ,577,6556,No,1,7:149,7:149,1,11059,الأعراف,7
وَرَأَوْا,578,6557,No,1,7:149,7:149,1,15621,الأعراف,7
يَرْحَمْنَا,579,6558,No,1,7:149,7:149,1,16840,الأعراف,7
رَجَعَ,580,6559,No,1,7:150,7:150,1,10664,الأعراف,7
غَضْبَانَ,581,6560,No,2,7:150,7:150 · 20:86,2,5324,الأعراف,7
أَسِفًا,582,6561,No,2,7:150,7:150 · 20:86,2,4054,الأعراف,7
خَلَفْتُمُونِي,583,6562,No,1,7:150,7:150,1,10422,الأعراف,7
أَعَجِلْتُمْ,584,6563,No,1,7:150,7:150,1,7196,الأعراف,7
أَمْرَ,585,6564,No,4,7:150,7:150 · 11:59 · 11:97 · 26:151,3,2182,الأعراف,7
وَأَلْقَى,586,6565,No,3,7:150,7:150 · 16:15 · 31:10,3,3670,الأعراف,7
الْأَلْوَاحَ,587,6566,No,2,7:150,7:150 · 7:154,1,4340,الأعراف,7
وَأَخَذَ,588,6567,No,2,7:150,7:150 · 11:67,2,6041,الأعراف,7
بِرَأْسِ,589,6568,No,1,7:150,7:150,1,9131,الأعراف,7
يَجُرُّهُ,590,6569,No,1,7:150,7:150,1,16737,الأعراف,7
اسْتَضْعَفُونِي,591,6570,No,1,7:150,7:150,1,7814,الأعراف,7
وَكَادُوا,592,6571,No,1,7:150,7:150,1,15986,الأعراف,7
يَقْتُلُونَنِي,593,6572,No,1,7:150,7:150,1,17069,الأعراف,7
تُشْمِتْ,594,6573,No,1,7:150,7:150,1,9922,الأعراف,7
بِيَ,595,6574,No,1,7:150,7:150,1,9290,الأعراف,7
الْأَعْدَاءَ,596,6575,No,1,7:150,7:150,1,8223,الأعراف,7
تَجْعَلْنِي,597,6576,No,2,7:150,7:150 · 23:94,2,4705,الأعراف,7
وَلِأَخِي,598,6577,No,1,7:151,7:151,1,16092,الأعراف,7
وَأَدْخِلْنَا,599,6578,No,1,7:151,7:151,1,14668,الأعراف,7
رَحْمَتِكَ,600,6579,No,1,7:151,7:151,1,10681,الأعراف,7
أَرْحَمُ,601,6580,No,4,7:151,7:151 · 12:64 · 12:92 · 21:83,3,2161,الأعراف,7
الرَّاحِمِينَ,602,6581,No,6,7:151,7:151 · 12:64 · 12:92 · 21:83 · 23:109 · 23:118,4,1484,الأعراف,7
سَيَنَالُهُمْ,603,6582,No,1,7:152,7:152,1,11027,الأعراف,7
غَضَبٌ,604,6583,No,4,7:152,7:152 · 16:106 · 20:86 · 42:16,4,2497,الأعراف,7
وَذِلَّةٌ,605,6584,No,1,7:152,7:152,1,15619,الأعراف,7
الْمُفْتَرِينَ,606,6585,No,1,7:152,7:152,1,8697,الأعراف,7
بَعْدِهَا,607,6586,No,4,7:153,7:153 · 7:153 · 16:110 · 16:119,2,2299,الأعراف,7
سَكَتَ,608,6587,No,1,7:154,7:154,1,10959,الأعراف,7
الْغَضَبُ,609,6588,No,1,7:154,7:154,1,8481,الأعراف,7
نُسْخَتِهَا,610,6589,No,1,7:154,7:154,1,14459,الأعراف,7
لِرَبِّهِمْ,611,6590,No,4,7:154,7:154 · 23:76 · 25:64 · 42:38,4,2575,الأعراف,7
يَرْهَبُونَ,612,6591,No,1,7:154,7:154,1,16856,الأعراف,7
وَاخْتَارَ,613,6592,No,1,7:155,7:155,1,14913,الأعراف,7
قَوْمَهُ,614,6593,No,5,7:155,7:155 · 11:98 · 20:79 · 43:54 · 46:21,5,1963,الأعراف,7
سَبْعِينَ,615,6594,No,2,7:155,7:155 · 9:80,2,5082,الأعراف,7
أَخَذَتْهُمُ,616,6595,No,1,7:155,7:155,1,6953,الأعراف,7
شِئْتَ,617,6596,No,3,7:155,7:155 · 18:77 · 24:62,3,3299,الأعراف,7
أَهْلَكْتَهُمْ,618,6597,No,1,7:155,7:155,1,7478,الأعراف,7
أَتُهْلِكُنَا,619,6598,No,1,7:155,7:155,1,6869,الأعراف,7
فَعَلَ,620,6599,No,7,7:155,7:155 · 7:173 · 16:33 · 16:35 · 21:59 · 89:6 · 105:1,5,1373,الأعراف,7
فِتْنَتُكَ,621,6600,No,1,7:155,7:155,1,12581,الأعراف,7
تُضِلُّ,622,6601,No,1,7:155,7:155,1,9937,الأعراف,7
وَتَهْدِي,623,6602,No,1,7:155,7:155,1,15436,الأعراف,7
وَلِيُّنَا,624,6603,No,2,7:155,7:155 · 34:41,2,6369,الأعراف,7
الْغَافِرِينَ,625,6604,No,1,7:155,7:155,1,8476,الأعراف,7
وَاكْتُبْ,626,6605,No,1,7:156,7:156,1,15003,الأعراف,7
هُدْنَا,627,6606,No,1,7:156,7:156,1,14571,الأعراف,7
عَذَابِي,628,6607,No,9,7:156,7:156 · 14:7 · 15:50 · 54:16 · 54:18 · 54:21 · 54:30 · 54:37 · 54:39,4,1053,الأعراف,7
أُصِيبُ,629,6608,No,1,7:156,7:156,1,7598,الأعراف,7
أَشَاءُ,630,6609,No,1,7:156,7:156,1,7119,الأعراف,7
وَرَحْمَتِي,631,6610,No,1,7:156,7:156,1,15646,الأعراف,7
وَسِعَتْ,632,6611,No,1,7:156,7:156,1,15744,الأعراف,7
فَسَأَكْتُبُهَا,633,6612,No,1,7:156,7:156,1,12224,الأعراف,7
النَّبِيَّ,634,6613,No,5,7:157,7:157 · 9:61 · 33:13 · 33:53 · 66:8,4,1787,الأعراف,7
الْأُمِّيَّ,635,6614,No,1,7:157,7:157,1,8277,الأعراف,7
يَجِدُونَهُ,636,6615,No,1,7:157,7:157,1,16738,الأعراف,7
مَكْتُوبًا,637,6616,No,1,7:157,7:157,1,13798,الأعراف,7
عِنْدَهُمْ,638,6617,No,4,7:157,7:157 · 38:9 · 40:83 · 52:37,4,2493,الأعراف,7
وَالْإِنْجِيلِ,639,6618,No,2,7:157,7:157 · 9:111,2,6154,الأعراف,7
يَأْمُرُهُمْ,640,6619,No,1,7:157,7:157,1,16649,الأعراف,7
وَيَنْهَاهُمْ,641,6620,No,1,7:157,7:157,1,16492,الأعراف,7
وَيُحِلُّ,642,6621,No,1,7:157,7:157,1,16522,الأعراف,7
الطَّيِّبَاتِ,643,6622,No,8,7:157,7:157 · 8:26 · 10:93 · 16:72 · 17:70 · 23:51 · 40:64 · 45:16,8,1135,الأعراف,7
وَيُحَرِّمُ,644,6623,No,1,7:157,7:157,1,16517,الأعراف,7
الْخَبَائِثَ,645,6624,No,2,7:157,7:157 · 21:74,2,4390,الأعراف,7
وَيَضَعُ,646,6625,No,1,7:157,7:157,1,16456,الأعراف,7
إِصْرَهُمْ,647,6626,No,1,7:157,7:157,1,7665,الأعراف,7
وَالْأَغْلَالَ,648,6627,No,1,7:157,7:157,1,15118,الأعراف,7
وَعَزَّرُوهُ,649,6628,No,1,7:157,7:157,1,15843,الأعراف,7
وَنَصَرُوهُ,650,6629,No,1,7:157,7:157,1,16275,الأعراف,7
النُّورَ,651,6630,No,1,7:157,7:157,1,8166,الأعراف,7
النَّبِيِّ,652,6631,No,8,7:158,7:158 · 9:117 · 33:30 · 33:32 · 33:38 · 33:53 · 33:56 · 49:2,4,1137,الأعراف,7
الْأُمِّيِّ,653,6632,No,1,7:158,7:158,1,8278,الأعراف,7
وَكَلِمَاتِهِ,654,6633,No,1,7:158,7:158,1,16004,الأعراف,7
وَاتَّبِعُوهُ,655,6634,No,1,7:158,7:158,1,14893,الأعراف,7
يَهْدُونَ,656,6635,No,4,7:159,7:159 · 7:181 · 21:73 · 32:24,3,2795,الأعراف,7
وَبِهِ,657,6636,No,2,7:159,7:159 · 7:181,1,6199,الأعراف,7
وَقَطَّعْنَاهُمُ,658,6637,No,1,7:160,7:160,1,15949,الأعراف,7
اثْنَتَيْ,659,6638,No,1,7:160,7:160,1,7751,الأعراف,7
أَسْبَاطًا,660,6639,No,1,7:160,7:160,1,7087,الأعراف,7
أُمَمًا,661,6640,No,2,7:160,7:160 · 7:168,1,4179,الأعراف,7
اسْتَسْقَاهُ,662,6641,No,1,7:160,7:160,1,7812,الأعراف,7
فَانْبَجَسَتْ,663,6642,No,1,7:160,7:160,1,12024,الأعراف,7
اسْكُنُوا,664,6643,No,2,7:161,7:161 · 17:104,2,4240,الأعراف,7
خَطِيئَاتِكُمْ,665,6644,No,1,7:161,7:161,1,10407,الأعراف,7
سَنَزِيدُ,666,6645,No,1,7:161,7:161,1,10999,الأعراف,7
وَاسْأَلْهُمْ,667,6646,No,1,7:163,7:163,1,14950,الأعراف,7
حَاضِرَةَ,668,6647,No,1,7:163,7:163,1,10187,الأعراف,7
يَعْدُونَ,669,6648,No,1,7:163,7:163,1,17001,الأعراف,7
حِيتَانُهُمْ,670,6649,No,1,7:163,7:163,1,10348,الأعراف,7
سَبْتِهِمْ,671,6650,No,1,7:163,7:163,1,10914,الأعراف,7
شُرَّعًا,672,6651,No,1,7:163,7:163,1,11163,الأعراف,7
يَسْبِتُونَ,673,6652,No,1,7:163,7:163,1,16877,الأعراف,7
نَبْلُوهُمْ,674,6653,No,1,7:163,7:163,1,14239,الأعراف,7
تَعِظُونَ,675,6654,No,1,7:164,7:164,1,9631,الأعراف,7
مُهْلِكُهُمْ,676,6655,No,1,7:164,7:164,1,14133,الأعراف,7
مُعَذِّبُهُمْ,677,6656,No,1,7:164,7:164,1,14044,الأعراف,7
مَعْذِرَةً,678,6657,No,1,7:164,7:164,1,13760,الأعراف,7
وَلَعَلَّهُمْ,679,6658,No,3,7:164,7:164 · 7:174 · 16:44,2,3798,الأعراف,7
أَنْجَيْنَا,680,6659,No,2,7:165,7:165 · 11:116,2,4138,الأعراف,7
السُّوءِ,681,6660,No,1,7:165,7:165,1,8040,الأعراف,7
بَئِيسٍ,682,6661,No,1,7:165,7:165,1,8805,الأعراف,7
عَتَوْا,683,6662,No,1,7:166,7:166,1,11463,الأعراف,7
تَأَذَّنَ,684,6663,No,2,7:167,7:167 · 14:7,2,4679,الأعراف,7
لَيَبْعَثَنَّ,685,6664,No,1,7:167,7:167,1,13251,الأعراف,7
يَسُومُهُمْ,686,6665,No,1,7:167,7:167,1,16869,الأعراف,7
لَسَرِيعُ,687,6666,No,1,7:167,7:167,1,13073,الأعراف,7
وَقَطَّعْنَاهُمْ,688,6667,No,1,7:168,7:168,1,15950,الأعراف,7
الصَّالِحُونَ,689,6668,No,3,7:168,7:168 · 21:105 · 72:11,3,2948,الأعراف,7
وَبَلَوْنَاهُمْ,690,6669,No,1,7:168,7:168,1,15302,الأعراف,7
بِالْحَسَنَاتِ,691,6670,No,1,7:168,7:168,1,9043,الأعراف,7
وَالسَّيِّئَاتِ,692,6671,No,1,7:168,7:168,1,15040,الأعراف,7
فَخَلَفَ,693,6672,No,2,7:169,7:169 · 19:59,2,5432,الأعراف,7
خَلْفٌ,694,6673,No,2,7:169,7:169 · 19:59,2,4960,الأعراف,7
وَرِثُوا,695,6674,No,1,7:169,7:169,1,15671,الأعراف,7
يَأْخُذُونَ,696,6675,No,1,7:169,7:169,1,16633,الأعراف,7
الْأَدْنَى,697,6676,No,2,7:169,7:169 · 32:21,2,4326,الأعراف,7
سَيُغْفَرُ,698,6677,No,1,7:169,7:169,1,11036,الأعراف,7
يَأْتِهِمْ,699,6678,No,3,7:169,7:169 · 9:70 · 10:39,3,3848,الأعراف,7
عَرَضٌ,700,6679,No,1,7:169,7:169,1,11486,الأعراف,7
يَأْخُذُوهُ,701,6680,No,1,7:169,7:169,1,16635,الأعراف,7
مِيثَاقُ,702,6681,No,1,7:169,7:169,1,14178,الأعراف,7
وَدَرَسُوا,703,6682,No,1,7:169,7:169,1,15592,الأعراف,7
وَالدَّارُ,704,6683,No,1,7:169,7:169,1,15010,الأعراف,7
يُمَسِّكُونَ,705,6684,No,1,7:170,7:170,1,17514,الأعراف,7
نُضِيعُ,706,6685,No,3,7:170,7:170 · 12:56 · 18:30,3,3642,الأعراف,7
الْمُصْلِحِينَ,707,6686,No,2,7:170,7:170 · 28:19,2,4474,الأعراف,7
نَتَقْنَا,708,6687,No,1,7:171,7:171,1,14242,الأعراف,7
الْجَبَلَ,709,6688,No,1,7:171,7:171,1,8327,الأعراف,7
كَأَنَّهُ,710,6689,No,5,7:171,7:171 · 27:42 · 37:65 · 41:34 · 77:33,5,1969,الأعراف,7
ظُلَّةٌ,711,6690,No,1,7:171,7:171,1,11408,الأعراف,7
وَظَنُّوا,712,6691,No,7,7:171,7:171 · 9:118 · 10:22 · 12:110 · 28:39 · 41:48 · 59:2,7,1424,الأعراف,7
وَاقِعٌ,713,6692,No,2,7:171,7:171 · 42:22,2,6121,الأعراف,7
ذُرِّيَّتَهُمْ,714,6693,No,3,7:172,7:172 · 36:41 · 52:21,3,3249,الأعراف,7
وَأَشْهَدَهُمْ,715,6694,No,1,7:172,7:172,1,14706,الأعراف,7
أَلَسْتُ,716,6695,No,1,7:172,7:172,1,7331,الأعراف,7
أَشْرَكَ,717,6696,No,1,7:173,7:173,1,7129,الأعراف,7
وَكُنَّا,718,6697,No,16,7:173,7:173 · 21:51 · 21:78 · 21:79 · 21:81 · 21:82 · 23:82 · 23:106 · 27:42 · 28:58 · 37:16 · 37:53 … (+4),9,584,الأعراف,7
أَفَتُهْلِكُنَا,719,6698,No,1,7:173,7:173,1,7255,الأعراف,7
الْمُبْطِلُونَ,720,6699,No,4,7:173,7:173 · 29:48 · 40:78 · 45:27,4,2280,الأعراف,7
آتَيْنَاهُ,721,6700,No,5,7:175,7:175 · 12:22 · 18:65 · 21:74 · 28:14,5,1728,الأعراف,7
فَانْسَلَخَ,722,6701,No,1,7:175,7:175,1,12030,الأعراف,7
فَأَتْبَعَهُ,723,6702,No,3,7:175,7:175 · 15:18 · 37:10,3,3371,الأعراف,7
فَكَانَ,724,6703,No,8,7:175,7:175 · 11:43 · 18:80 · 18:82 · 26:63 · 37:141 · 53:9 · 59:17,7,1191,الأعراف,7
الْغَاوِينَ,725,6704,No,2,7:175,7:175 · 15:42,2,4422,الأعراف,7
شِئْنَا,726,6705,No,5,7:176,7:176 · 17:86 · 25:51 · 32:13 · 76:28,5,1924,الأعراف,7
لَرَفَعْنَاهُ,727,6706,No,1,7:176,7:176,1,13069,الأعراف,7
وَلَكِنَّهُ,728,6707,No,1,7:176,7:176,1,16057,الأعراف,7
أَخْلَدَ,729,6708,No,1,7:176,7:176,1,6988,الأعراف,7
هَوَاهُ,730,6709,No,6,7:176,7:176 · 18:28 · 20:16 · 25:43 · 28:50 · 45:23,6,1662,الأعراف,7
الْكَلْبِ,731,6710,No,1,7:176,7:176,1,8568,الأعراف,7
يَلْهَثْ,732,6711,No,2,7:176,7:176 · 7:176,1,6567,الأعراف,7
تَتْرُكْهُ,733,6712,No,1,7:176,7:176,1,9381,الأعراف,7
فَاقْصُصِ,734,6713,No,1,7:176,7:176,1,11994,الأعراف,7
الْقَصَصَ,735,6714,No,2,7:176,7:176 · 28:25,2,4438,الأعراف,7
يَتَفَكَّرُونَ,736,6715,No,10,7:176,7:176 · 10:24 · 13:3 · 16:11 · 16:44 · 16:69 · 30:21 · 39:42 · 45:13 · 59:21,8,970,الأعراف,7
وَأَنْفُسَهُمْ,737,6716,No,1,7:177,7:177,1,14793,الأعراف,7
الْمُهْتَدِي,738,6717,No,1,7:178,7:178,1,8716,الأعراف,7
يُضْلِلْ,739,6718,No,3,7:178,7:178 · 17:97 · 18:17,3,3942,الأعراف,7
ذَرَأْنَا,740,6719,No,1,7:179,7:179,1,10577,الأعراف,7
لِجَهَنَّمَ,741,6720,No,3,7:179,7:179 · 50:30 · 72:15,3,3522,الأعراف,7
قُلُوبٌ,742,6721,No,3,7:179,7:179 · 22:46 · 79:8,3,3456,الأعراف,7
أَعْيُنٌ,743,6722,No,2,7:179,7:179 · 7:195,1,4084,الأعراف,7
آذَانٌ,744,6723,No,3,7:179,7:179 · 7:195 · 22:46,2,2821,الأعراف,7
كَالْأَنْعَامِ,745,6724,No,2,7:179,7:179 · 25:44,2,5602,الأعراف,7
أَضَلُّ,746,6725,No,6,7:179,7:179 · 25:42 · 25:44 · 28:50 · 41:52 · 46:5,5,1456,الأعراف,7
الْغَافِلُونَ,747,6726,No,2,7:179,7:179 · 16:108,2,4420,الأعراف,7
الْأَسْمَاءُ,748,6727,No,4,7:180,7:180 · 17:110 · 20:8 · 59:24,4,2243,الأعراف,7
فَادْعُوهُ,749,6728,No,2,7:180,7:180 · 40:65,2,5381,الأعراف,7
يُلْحِدُونَ,750,6729,No,3,7:180,7:180 · 16:103 · 41:40,3,3953,الأعراف,7
أَسْمَائِهِ,751,6730,No,1,7:180,7:180,1,7114,الأعراف,7
وَمِمَّنْ,752,6731,No,5,7:181,7:181 · 9:101 · 19:58 · 19:58 · 38:85,4,2073,الأعراف,7
خَلَقْنَا,753,6732,No,21,7:181,7:181 · 15:26 · 15:85 · 17:70 · 21:16 · 23:12 · 23:14 · 23:17 · 25:49 · 36:71 · 37:11 · 37:150 … (+9),16,442,الأعراف,7
سَنَسْتَدْرِجُهُمْ,754,6733,No,2,7:182,7:182 · 68:44,2,5101,الأعراف,7
وَأُمْلِي,755,6734,No,2,7:183,7:183 · 68:45,2,6090,الأعراف,7
كَيْدِي,756,6735,No,2,7:183,7:183 · 68:45,2,5627,الأعراف,7
مَتِينٌ,757,6736,No,2,7:183,7:183 · 68:45,2,5782,الأعراف,7
يَتَفَكَّرُوا,758,6737,No,2,7:184,7:184 · 30:8,2,6469,الأعراف,7
بِصَاحِبِهِمْ,759,6738,No,1,7:184,7:184,1,9172,الأعراف,7
جِنَّةٍ,760,6739,No,2,7:184,7:184 · 34:46,2,4892,الأعراف,7
نَذِيرٌ,761,6740,No,22,7:184,7:184 · 7:188 · 11:2 · 11:12 · 11:25 · 22:49 · 26:115 · 29:50 · 34:46 · 35:23 · 35:24 · 35:42 … (+10),13,427,الأعراف,7
يَنْظُرُوا,762,6741,No,2,7:185,7:185 · 50:6,2,6588,الأعراف,7
مَلَكُوتِ,763,6742,No,1,7:185,7:185,1,13812,الأعراف,7
اقْتَرَبَ,764,6743,No,2,7:185,7:185 · 21:1,2,4250,الأعراف,7
فَبِأَيِّ,765,6744,No,35,7:185,7:185 · 45:6 · 53:55 · 55:13 · 55:16 · 55:18 · 55:21 · 55:23 · 55:25 · 55:28 · 55:30 · 55:32 … (+23),5,271,الأعراف,7
بَعْدَهُ,766,6745,No,2,7:185,7:185 · 77:50,2,4541,الأعراف,7
هَادِيَ,767,6746,No,1,7:186,7:186,1,14541,الأعراف,7
وَيَذَرُهُمْ,768,6747,No,1,7:186,7:186,1,16417,الأعراف,7
السَّاعَةِ,769,6748,No,10,7:187,7:187 · 16:77 · 21:49 · 22:1 · 31:34 · 33:63 · 41:47 · 42:18 · 43:85 · 79:42,10,906,الأعراف,7
أَيَّانَ,770,6749,No,6,7:187,7:187 · 16:21 · 27:65 · 51:12 · 75:6 · 79:42,6,1466,الأعراف,7
مُرْسَاهَا,771,6750,No,2,7:187,7:187 · 79:42,2,5883,الأعراف,7
عِلْمُهَا,772,6751,No,4,7:187,7:187 · 7:187 · 20:52 · 33:63,3,2491,الأعراف,7
يُجَلِّيهَا,773,6752,No,1,7:187,7:187,1,17269,الأعراف,7
لِوَقْتِهَا,774,6753,No,1,7:187,7:187,1,13527,الأعراف,7
تَأْتِيكُمْ,775,6754,No,2,7:187,7:187 · 40:50,2,4682,الأعراف,7
كَأَنَّكَ,776,6755,No,1,7:187,7:187,1,12775,الأعراف,7
حَفِيٌّ,777,6756,No,1,7:187,7:187,1,10256,الأعراف,7
لِنَفْسِي,778,6757,No,4,7:188,7:188 · 10:49 · 12:54 · 20:41,4,2582,الأعراف,7
لَاسْتَكْثَرْتُ,779,6758,No,1,7:188,7:188,1,12990,الأعراف,7
مَسَّنِيَ,780,6759,No,4,7:188,7:188 · 15:54 · 21:83 · 38:41,4,2598,الأعراف,7
السُّوءُ,781,6760,No,2,7:188,7:188 · 39:61,2,4284,الأعراف,7
وَبَشِيرٌ,782,6761,No,2,7:188,7:188 · 11:2,2,6192,الأعراف,7
لِيَسْكُنَ,783,6762,No,1,7:189,7:189,1,13555,الأعراف,7
إِلَيْهَا,784,6763,No,4,7:189,7:189 · 19:17 · 30:21 · 62:11,4,2211,الأعراف,7
تَغَشَّاهَا,785,6764,No,1,7:189,7:189,1,9651,الأعراف,7
حَمْلًا,786,6765,No,1,7:189,7:189,1,10276,الأعراف,7
خَفِيفًا,787,6766,No,1,7:189,7:189,1,10416,الأعراف,7
فَمَرَّتْ,788,6767,No,1,7:189,7:189,1,12443,الأعراف,7
أَثْقَلَتْ,789,6768,No,1,7:189,7:189,1,6889,الأعراف,7
دَعَوَا,790,6769,No,1,7:189,7:189,1,10520,الأعراف,7
رَبَّهُمَا,791,6770,No,1,7:189,7:189,1,10657,الأعراف,7
آتَيْتَنَا,792,6771,No,1,7:189,7:189,1,6709,الأعراف,7
آتَاهُمَا,793,6772,No,2,7:190,7:190 · 7:190,1,3964,الأعراف,7
جَعَلَا,794,6773,No,1,7:190,7:190,1,10095,الأعراف,7
فَتَعَالَى,795,6774,No,4,7:190,7:190 · 20:114 · 23:92 · 23:116,3,2513,الأعراف,7
يُشْرِكُونَ,796,6775,No,19,7:190,7:190 · 9:31 · 10:18 · 16:1 · 16:3 · 16:54 · 23:59 · 23:92 · 24:55 · 27:59 · 27:63 · 28:68 … (+7),13,503,الأعراف,7
أَيُشْرِكُونَ,797,6776,No,1,7:191,7:191,1,7536,الأعراف,7
يُخْلَقُونَ,798,6777,No,3,7:191,7:191 · 16:20 · 25:3,3,3936,الأعراف,7
نَصْرًا,799,6778,No,3,7:192,7:192 · 25:19 · 48:3,3,3629,الأعراف,7
يَنْصُرُونَ,800,6779,No,2,7:192,7:192 · 7:197,1,6585,الأعراف,7
تَدْعُوهُمْ,801,6780,No,4,7:193,7:193 · 7:198 · 35:14 · 42:13,3,2353,الأعراف,7
يَتَّبِعُوكُمْ,802,6781,No,1,7:193,7:193,1,16723,الأعراف,7
أَدَعَوْتُمُوهُمْ,803,6782,No,1,7:193,7:193,1,6995,الأعراف,7
صَامِتُونَ,804,6783,No,1,7:193,7:193,1,11210,الأعراف,7
عِبَادٌ,805,6784,No,2,7:194,7:194 · 21:26,2,5311,الأعراف,7
فَادْعُوهُمْ,806,6785,No,1,7:194,7:194,1,11913,الأعراف,7
أَلَهُمْ,807,6786,No,1,7:195,7:195,1,7334,الأعراف,7
أَرْجُلٌ,808,6787,No,1,7:195,7:195,1,7043,الأعراف,7
يَمْشُونَ,809,6788,No,5,7:195,7:195 · 17:95 · 20:128 · 25:63 · 32:26,5,2117,الأعراف,7
أَيْدٍ,810,6789,No,1,7:195,7:195,1,7540,الأعراف,7
يَبْطِشُونَ,811,6790,No,1,7:195,7:195,1,16667,الأعراف,7
شُرَكَاءَكُمْ,812,6791,No,2,7:195,7:195 · 28:64,2,5160,الأعراف,7
كِيدُونِ,813,6792,No,1,7:195,7:195,1,12939,الأعراف,7
تُنْظِرُونِ,814,6793,No,3,7:195,7:195 · 10:71 · 11:55,3,3168,الأعراف,7
وَلِيِّيَ,815,6794,No,1,7:196,7:196,1,16157,الأعراف,7
نَصْرَكُمْ,816,6795,No,1,7:197,7:197,1,14330,الأعراف,7
يَسْمَعُوا,817,6796,No,2,7:198,7:198 · 35:14,2,6529,الأعراف,7
وَتَرَاهُمْ,818,6797,No,2,7:198,7:198 · 42:45,2,6201,الأعراف,7
خُذِ,819,6798,No,2,7:199,7:199 · 19:12,2,4967,الأعراف,7
بِالْعُرْفِ,820,6799,No,1,7:199,7:199,1,9053,الأعراف,7
يَنْزَغَنَّكَ,821,6800,No,2,7:200,7:200 · 41:36,2,6579,الأعراف,7
نَزْغٌ,822,6801,No,2,7:200,7:200 · 41:36,2,5966,الأعراف,7
فَاسْتَعِذْ,823,6802,No,4,7:200,7:200 · 16:98 · 40:56 · 41:36,4,2508,الأعراف,7
مَسَّهُمْ,824,6803,No,1,7:201,7:201,1,13716,الأعراف,7
طَائِفٌ,825,6804,No,2,7:201,7:201 · 68:19,2,5219,الأعراف,7
تَذَكَّرُوا,826,6805,No,1,7:201,7:201,1,9474,الأعراف,7
مُبْصِرُونَ,827,6806,No,1,7:201,7:201,1,13899,الأعراف,7
وَإِخْوَانُهُمْ,828,6807,No,1,7:202,7:202,1,14858,الأعراف,7
يَمُدُّونَهُمْ,829,6808,No,1,7:202,7:202,1,17133,الأعراف,7
يُقْصِرُونَ,830,6809,No,1,7:202,7:202,1,17499,الأعراف,7
تَأْتِهِمْ,831,6810,No,2,7:203,7:203 · 20:133,2,4680,الأعراف,7
اجْتَبَيْتَهَا,832,6811,No,1,7:203,7:203,1,7754,الأعراف,7
قُرِئَ,833,6812,No,2,7:204,7:204 · 84:21,2,5582,الأعراف,7
فَاسْتَمِعُوا,834,6813,No,2,7:204,7:204 · 22:73,2,5394,الأعراف,7
وَأَنْصِتُوا,835,6814,No,1,7:204,7:204,1,14789,الأعراف,7
وَخِيفَةً,836,6815,No,1,7:205,7:205,1,15587,الأعراف,7
وَدُونَ,837,6816,No,1,7:205,7:205,1,15600,الأعراف,7
الْجَهْرِ,838,6817,No,1,7:205,7:205,1,8336,الأعراف,7
بِالْغُدُوِّ,839,6818,No,3,7:205,7:205 · 13:15 · 24:36,3,3084,الأعراف,7
وَالْآصَالِ,840,6819,No,3,7:205,7:205 · 13:15 · 24:36,3,3713,الأعراف,7
الْغَافِلِينَ,841,6820,No,2,7:205,7:205 · 12:3,2,4421,الأعراف,7
وَيُسَبِّحُونَهُ,842,6821,No,1,7:206,7:206,1,16545,الأعراف,7
